,year,life_ladder,social_support,healthy_life_expectancy_at_birth,freedom_to_make_life_choices,generosity,positive_affect,negative_affect,iso3_code
4,2012,5.510124206542969,0.7845017910003662,68.16000366210938,0.6015121340751648,-0.17298804223537445,0.553473174571991,0.2713932394981384,ALB
5,2013,4.550647735595703,0.7594767212867737,68.44000244140625,0.6318302750587463,-0.13133929669857025,0.5407509803771973,0.33837857842445374,ALB
6,2014,4.81376314163208,0.6255869269371033,68.72000122070312,0.7346484065055847,-0.02880115993320942,0.5729450583457947,0.3345426619052887,ALB
7,2015,4.6066508293151855,0.6393561363220215,69.0,0.7038506865501404,-0.08498185873031616,0.5790717005729675,0.35042667388916016,ALB
8,2016,4.511100769042969,0.6384114623069763,69.0250015258789,0.7298189401626587,-0.021135902032256126,0.5670797228813171,0.32170599699020386,ALB
9,2017,4.639548301696777,0.6376982927322388,69.05000305175781,0.7496110200881958,-0.032957177609205246,0.5472404360771179,0.3338841199874878,ALB
10,2018,5.0044026374816895,0.6835916638374329,69.07499694824219,0.8242123126983643,0.0047685811296105385,0.5920446515083313,0.31899672746658325,ALB
11,2019,4.9953179359436035,0.6863648891448975,69.0999984741211,0.777351438999176,-0.10332503914833069,0.5481892824172974,0.27382737398147583,ALB
12,2020,5.364909648895264,0.7101150155067444,69.125,0.7536710500717163,0.0015586202498525381,0.5634861588478088,0.26506611704826355,ALB
13,2021,5.255481719970703,0.7018827795982361,69.1500015258789,0.8274527192115784,0.038602884858846664,0.553830087184906,0.25365447998046875,ALB
14,2022,5.212213039398193,0.7240896224975586,69.17500305175781,0.8022497892379761,-0.06995203346014023,0.5471259355545044,0.25482553243637085,ALB
15,2023,5.444690704345703,0.6907526254653931,69.19999694824219,0.8715454936027527,0.06788530200719833,0.5973492860794067,0.3142271339893341,ALB
20,2012,7.400688648223877,0.945142388343811,70.0999984741211,0.9197039008140564,0.11211855709552765,0.712149977684021,0.15667499601840973,AUT
21,2013,7.498802661895752,0.949809193611145,70.19999694824219,0.9217344522476196,0.16256439685821533,0.7250531911849976,0.16260331869125366,AUT
22,2014,6.949999809265137,0.898920476436615,70.30000305175781,0.8850268721580505,0.1119244396686554,0.7209653258323669,0.1701495498418808,AUT
23,2015,7.076447010040283,0.9281103014945984,70.4000015258789,0.9003051519393921,0.09321006387472153,0.747707724571228,0.16446903347969055,AUT
24,2016,7.04807186126709,0.9263185858726501,70.5250015258789,0.88851398229599,0.0741286501288414,0.7134508490562439,0.19742384552955627,AUT
25,2017,7.293727874755859,0.9062178134918213,70.6500015258789,0.890030562877655,0.1275908648967743,0.6988893747329712,0.18026871979236603,AUT
26,2018,7.396001815795898,0.9116681218147278,70.7750015258789,0.9041119813919067,0.047986846417188644,0.6946277022361755,0.22605879604816437,AUT
27,2019,7.195361137390137,0.9644888043403625,70.9000015258789,0.9034276604652405,0.0542902834713459,0.7273411154747009,0.20516973733901978,AUT
28,2020,7.213489055633545,0.924831211566925,71.0250015258789,0.9119098782539368,0.004416045732796192,0.7163522839546204,0.20649965107440948,AUT
29,2021,7.079640865325928,0.8629759550094604,71.1500015258789,0.7948459386825562,0.15775805711746216,0.7218652367591858,0.259080171585083,AUT
30,2022,6.998997211456299,0.8762874007225037,71.2750015258789,0.8555026054382324,0.1374349147081375,0.7176164388656616,0.22639481723308563,AUT
31,2023,6.635663986206055,0.874427318572998,71.4000015258789,0.874083399772644,0.20926827192306519,0.7124965786933899,0.23960807919502258,AUT
38,2012,5.7490434646606445,0.9019615054130554,63.41999816894531,0.6452488303184509,-0.223155677318573,0.515112578868866,0.18076452612876892,BLR
39,2013,5.876466274261475,0.9225059747695923,63.97999954223633,0.7234312891960144,-0.18338242173194885,0.5454326272010803,0.2062196582555771,BLR
40,2014,5.812400817871094,0.8802588582038879,64.54000091552734,0.6471845507621765,-0.054183706641197205,0.5750670433044434,0.2085355669260025,BLR
41,2015,5.718907833099365,0.9240726232528687,65.0999984741211,0.6227534413337708,-0.09730128198862076,0.5457346439361572,0.1843099594116211,BLR
42,2016,5.177899360656738,0.926551103591919,65.32499694824219,0.6582288146018982,-0.13147030770778656,0.5026974081993103,0.1821061223745346,BLR
43,2017,5.552915096282959,0.9002557992935181,65.55000305175781,0.6209792494773865,-0.12759390473365784,0.5017356872558594,0.23276807367801666,BLR
44,2018,5.23376989364624,0.9045692682266235,65.7750015258789,0.6436023712158203,-0.1805819272994995,0.40888357162475586,0.23572862148284912,BLR
45,2019,5.821453094482422,0.9167404770851135,66.0,0.656933605670929,-0.19221141934394836,0.5589894652366638,0.18982140719890594,BLR
51,2012,6.935122013092041,0.9271170496940613,69.5199966430664,0.8552666306495667,-0.05606037378311157,0.7181869745254517,0.23827680945396423,BEL
52,2013,7.103661060333252,0.9091861844062805,69.68000030517578,0.8907110691070557,0.010700806975364685,0.738157331943512,0.21713894605636597,BEL
53,2014,6.8553290367126465,0.9435491561889648,69.83999633789062,0.8609535098075867,-0.00464719720184803,0.7436781525611877,0.25155705213546753,BEL
54,2015,6.904219150543213,0.8852088451385498,70.0,0.8694749474525452,0.05621204525232315,0.7471033334732056,0.23995870351791382,BEL
55,2016,6.948936462402344,0.9289640784263611,70.1500015258789,0.865759015083313,-0.06168225035071373,0.7010933756828308,0.25965338945388794,BEL
56,2017,6.928347587585449,0.921639084815979,70.30000305175781,0.8568019866943359,0.04865328595042229,0.713402271270752,0.23359769582748413,BEL
57,2018,6.892171859741211,0.9298155307769775,70.44999694824219,0.8083866238594055,-0.13047930598258972,0.6817125678062439,0.25029733777046204,BEL
58,2019,6.7721381187438965,0.8842304944992065,70.5999984741211,0.7762036323547363,-0.17797590792179108,0.6990424990653992,0.24363084137439728,BEL
59,2020,6.838760852813721,0.9035586714744568,70.75,0.7669178247451782,-0.1718907505273819,0.619125485420227,0.2601887881755829,BEL
60,2021,6.88175630569458,0.9148567914962769,70.9000015258789,0.8225030899047852,0.07735525071620941,0.6865835189819336,0.26003092527389526,BEL
61,2022,6.856874465942383,0.9227327108383179,71.05000305175781,0.8898890018463135,0.09505116939544678,0.7184796929359436,0.23477324843406677,BEL
62,2023,6.943598747253418,0.8959550261497498,71.19999694824219,0.8702002167701721,0.06494025141000748,0.7252440452575684,0.24549579620361328,BEL
67,2012,4.773144721984863,0.7788598537445068,67.0,0.41978931427001953,-0.01588583178818226,0.4686013460159302,0.33824068307876587,BIH
68,2013,5.123664379119873,0.7668277621269226,67.0,0.390341579914093,0.038655977696180344,0.48930057883262634,0.3145160377025604,BIH
69,2014,5.2489542961120605,0.7876517176628113,67.0,0.4119373857975006,0.2289367914199829,0.49083468317985535,0.26217520236968994,BIH
70,2015,5.117177963256836,0.6557236313819885,67.0,0.630698025226593,-0.058186616748571396,0.485843688249588,0.28623414039611816,BIH
71,2016,5.180865287780762,0.8077051043510437,67.05000305175781,0.6334537267684937,0.13019025325775146,0.5659803748130798,0.3040802776813507,BIH
72,2017,5.089902400970459,0.7752952575683594,67.0999984741211,0.5637986660003662,0.08720297366380692,0.5266396403312683,0.27074551582336426,BIH
73,2018,5.887401103973389,0.8358895778656006,67.1500015258789,0.6588464379310608,0.11834884434938431,0.5676940679550171,0.2773650586605072,BIH
74,2019,6.015522480010986,0.8731419444084167,67.19999694824219,0.7215632200241089,0.07388520985841751,0.5446664094924927,0.23806855082511902,BIH
75,2020,5.5158162117004395,0.8985186815261841,67.25,0.740250825881958,0.1319495290517807,0.6018709540367126,0.3254123032093048,BIH
76,2021,5.748823165893555,0.8599535822868347,67.30000305175781,0.7589792013168335,0.2737639248371124,0.6040925979614258,0.3053521513938904,BIH
77,2022,5.8720550537109375,0.8559615015983582,67.3499984741211,0.7426527738571167,0.19059525430202484,0.5425434708595276,0.2853967845439911,BIH
78,2023,6.008581161499023,0.8787869215011597,67.4000015258789,0.8472372889518738,0.2408037930727005,0.5785500407218933,0.24872227013111115,BIH
82,2012,4.222297191619873,0.8379666209220886,65.4800033569336,0.6412564516067505,-0.1807703971862793,0.5095552802085876,0.2366328239440918,BGR
83,2013,3.993020534515381,0.8291323184967041,65.62000274658203,0.603213369846344,-0.19914494454860687,0.5367209315299988,0.278313010931015,BGR
84,2014,4.438439846038818,0.8859491944313049,65.76000213623047,0.5755959153175354,-0.06236521154642105,0.5422828793525696,0.23559372127056122,BGR
85,2015,4.865401268005371,0.9075170159339905,65.9000015258789,0.6368178129196167,-0.2070072442293167,0.5559516549110413,0.21422383189201355,BGR
86,2016,4.837560653686523,0.9260360598564148,66.0,0.7002655267715454,-0.1768510788679123,0.5445662140846252,0.17169985175132751,BGR
87,2017,5.096901893615723,0.9417545795440674,66.0999984741211,0.6890470385551453,-0.16029389202594757,0.5419514775276184,0.18863734602928162,BGR
88,2018,5.098813533782959,0.9238532781600952,66.19999694824219,0.7243359088897705,-0.18206416070461273,0.5539103150367737,0.18909098207950592,BGR
89,2019,5.108438014984131,0.9482043981552124,66.30000305175781,0.8219298720359802,-0.11494727432727814,0.5765827894210815,0.19988831877708435,BGR
90,2020,5.597723007202148,0.9162423610687256,66.4000015258789,0.8182247877120972,-0.0122536551207304,0.6423875093460083,0.22135105729103088,BGR
91,2021,5.421693325042725,0.8836210370063782,66.5,0.8411880731582642,-0.0179043710231781,0.6467598676681519,0.25277671217918396,BGR
92,2022,5.3783488273620605,0.9527610540390015,66.5999984741211,0.7413594126701355,-0.1515699028968811,0.5819082260131836,0.1653018742799759,BGR
93,2023,5.589599132537842,0.9349161982536316,66.69999694824219,0.7543242573738098,-0.1312975287437439,0.539438784122467,0.19188416004180908,BGR
98,2012,6.027634620666504,0.77581787109375,67.54000091552734,0.5419097542762756,-0.24959376454353333,0.5716532468795776,0.27104052901268005,HRV
99,2013,5.885462760925293,0.7512620687484741,67.66000366210938,0.626699686050415,-0.211284339427948,0.5540811419487,0.2847299575805664,HRV
100,2014,5.380692481994629,0.6456977725028992,67.77999877929688,0.5188780426979065,0.12492571026086807,0.544727087020874,0.28589510917663574,HRV
101,2015,5.205438137054443,0.7683634161949158,67.9000015258789,0.6935230493545532,-0.10370200127363205,0.570057213306427,0.29401934146881104,HRV
102,2016,5.41687536239624,0.798332154750824,68.07499694824219,0.671970546245575,-0.07190065085887909,0.5689613819122314,0.3365412652492523,HRV
103,2017,5.343165874481201,0.7703096866607666,68.25,0.7158222794532776,-0.11183539777994156,0.6182564496994019,0.31648823618888855,HRV
104,2018,5.536271095275879,0.9098068475723267,68.42500305175781,0.6908556222915649,-0.15832628309726715,0.5123899579048157,0.2903759777545929,HRV
105,2019,5.625743865966797,0.93598872423172,68.5999984741211,0.7393006086349487,-0.14535610377788544,0.5038063526153564,0.26915451884269714,HRV
106,2020,6.507992267608643,0.9229134917259216,68.7750015258789,0.8366576433181763,-0.07138796895742416,0.6814067959785461,0.28560975193977356,HRV
107,2021,6.286790370941162,0.9177415370941162,68.94999694824219,0.8418378829956055,0.0009323216509073973,0.6401486992835999,0.27419716119766235,HRV
108,2022,5.578691482543945,0.9099843502044678,69.125,0.593485951423645,-0.21291378140449524,0.5731527209281921,0.2668541371822357,HRV
109,2023,5.958378791809082,0.9085949659347534,69.30000305175781,0.5732210874557495,-0.20536990463733673,0.6098355054855347,0.2303737998008728,HRV
114,2012,6.180507183074951,0.7671771049499512,71.12000274658203,0.7246295809745789,0.09176801145076752,0.6870852708816528,0.3686329126358032,CYP
115,2013,5.438952445983887,0.744032084941864,71.27999877929688,0.6562679409980774,0.09568224847316742,0.6568310856819153,0.42025870084762573,CYP
116,2014,5.627123832702637,0.7701759934425354,71.44000244140625,0.7150656580924988,0.0535113662481308,0.661480188369751,0.3971729874610901,CYP
117,2015,5.43916130065918,0.7695561051368713,71.5999984741211,0.6280348300933838,0.10745827853679657,0.6599417328834534,0.38310641050338745,CYP
118,2016,5.794618606567383,0.7864384651184082,71.80000305175781,0.7562209963798523,-0.03647814691066742,0.6310487985610962,0.3363446891307831,CYP
119,2017,6.062051296234131,0.8186710476875305,72.0,0.8116706609725952,0.036032535135746,0.6697354316711426,0.30051660537719727,CYP
120,2018,6.276443004608154,0.825573205947876,72.19999694824219,0.7942150235176086,-0.03055599331855774,0.6629883050918579,0.298021137714386,CYP
121,2019,6.1368327140808105,0.7760780453681946,72.4000015258789,0.7400580048561096,-0.017519664019346237,0.6634199619293213,0.29022520780563354,CYP
122,2020,6.259810447692871,0.8055593967437744,72.5999984741211,0.7627823352813721,-0.08616578578948975,0.6708356738090515,0.28352245688438416,CYP
123,2021,6.26920223236084,0.8553572297096252,72.80000305175781,0.7176392674446106,-0.03822578862309456,0.641120970249176,0.2746836245059967,CYP
124,2022,5.8647565841674805,0.8195474743843079,73.0,0.6984071135520935,0.00751569215208292,0.6593262553215027,0.29699867963790894,CYP
125,2023,6.070594310760498,0.80283123254776,73.19999694824219,0.729809582233429,,0.6815126538276672,0.29686352610588074,CYP
132,2012,7.519909381866455,0.9514371752738953,69.83999633789062,0.9326279163360596,0.13286656141281128,0.7827155590057373,0.2085695117712021,DNK
133,2013,7.588606834411621,0.9647079706192017,70.05999755859375,0.920254647731781,0.20889675617218018,0.8256011605262756,0.1946737915277481,DNK
134,2014,7.507559299468994,0.9563443064689636,70.27999877929688,0.9415722489356995,0.11213824152946472,0.7798677682876587,0.23261277377605438,DNK
135,2015,7.514424800872803,0.9597012996673584,70.5,0.9414364099502563,0.21617953479290009,0.8014328479766846,0.21757757663726807,DNK
136,2016,7.5577826499938965,0.9544515013694763,70.625,0.9482305645942688,0.1318957358598709,0.7860076427459717,0.20758342742919922,DNK
137,2017,7.59370231628418,0.9521000981330872,70.75,0.9554163217544556,0.14896969497203827,0.778525173664093,0.20577530562877655,DNK
138,2018,7.648785591125488,0.9582188725471497,70.875,0.935437798500061,0.011810150928795338,0.7730328440666199,0.20605280995368958,DNK
139,2019,7.693003177642822,0.9577063918113708,71.0,0.963318407535553,0.014690911397337914,0.7968595027923584,0.18107062578201294,DNK
140,2020,7.514631271362305,0.9473713636398315,71.125,0.9379318356513977,0.04517029598355293,0.7525736689567566,0.2271018922328949,DNK
141,2021,7.698747158050537,0.9449267387390137,71.25,0.9334392547607422,0.12983427941799164,0.7918907999992371,0.20642220973968506,DNK
142,2022,7.544964790344238,0.9703063368797302,71.375,0.9295474886894226,0.22227469086647034,0.7868204116821289,0.20544104278087616,DNK
143,2023,7.50419282913208,0.9156695604324341,71.5,0.9227390885353088,0.08943353593349457,0.7570056915283203,0.22948944568634033,DNK
149,2012,5.363927841186523,0.8894545435905457,67.45999908447266,0.6968257427215576,-0.19720862805843353,0.6270431280136108,0.19896674156188965,EST
150,2013,5.367445945739746,0.9007217884063721,67.73999786376953,0.7535586953163147,-0.20627324283123016,0.6505120992660522,0.19901816546916962,EST
151,2014,5.55598258972168,0.9171017408370972,68.0199966430664,0.773327112197876,-0.15847612917423248,0.6196213960647583,0.2034391164779663,EST
152,2015,5.628908634185791,0.9179296493530273,68.30000305175781,0.8146923780441284,-0.16920073330402374,0.6487849354743958,0.18269477784633636,EST
153,2016,5.649675369262695,0.9377151131629944,68.5250015258789,0.8427706956863403,-0.15494193136692047,0.6568225622177124,0.1768692582845688,EST
154,2017,5.938395977020264,0.9356863498687744,68.75,0.8617492318153381,-0.10656443983316422,0.7400963306427002,0.16016410291194916,EST
155,2018,6.091302394866943,0.9326937794685364,68.9749984741211,0.8856183886528015,-0.14661718904972076,0.7302648425102234,0.1631821095943451,EST
156,2019,6.034641265869141,0.9340643286705017,69.19999694824219,0.8865043520927429,-0.10059057921171188,0.7384289503097534,0.15627901256084442,EST
157,2020,6.452563762664795,0.9577704668045044,69.42500305175781,0.9542005658149719,-0.09033530950546265,0.7616904377937317,0.1876794993877411,EST
158,2021,6.553915500640869,0.9458650350570679,69.6500015258789,0.9258183240890503,0.04551992192864418,0.760608434677124,0.17625804245471954,EST
159,2022,6.357114315032959,0.9333325028419495,69.875,0.9039506912231445,0.13607195019721985,0.7669572830200195,0.18681056797504425,EST
160,2023,6.429872989654541,0.9581712484359741,70.0999984741211,0.9145733118057251,0.03150103986263275,0.7648999094963074,0.18229584395885468,EST
165,2012,7.4202094078063965,0.9277393817901611,70.04000091552734,0.9209681153297424,-0.0070867338217794895,0.74223393201828,0.20165443420410156,FIN
166,2013,7.44463586807251,0.9408690929412842,70.26000213623047,0.9186253547668457,0.03354348614811897,0.7516428828239441,0.19467255473136902,FIN
167,2014,7.384571075439453,0.9520165324211121,70.4800033569336,0.9330439567565918,-0.0068079205229878426,0.7664982080459595,0.19881388545036316,FIN
168,2015,7.447925567626953,0.9478005766868591,70.69999694824219,0.9298619031906128,0.10523997247219086,0.7364262342453003,0.19105759263038635,FIN
169,2016,7.659843444824219,0.9539404511451721,70.7750015258789,0.9483721852302551,-0.032876525074243546,0.7688056826591492,0.18199844658374786,FIN
170,2017,7.788251876831055,0.9638264179229736,70.8499984741211,0.9621989727020264,-0.008309740573167801,0.7558576464653015,0.17606578767299652,FIN
171,2018,7.858107089996338,0.9621550440788269,70.92500305175781,0.9378073811531067,-0.13321293890476227,0.7488264441490173,0.1817806512117386,FIN
172,2019,7.78034782409668,0.9374155402183533,71.0,0.947616696357727,-0.057517919689416885,0.7322823405265808,0.1807328760623932,FIN
173,2020,7.889349937438965,0.9616207480430603,71.07499694824219,0.9624236822128296,-0.12266619503498077,0.7479390501976013,0.19289757311344147,FIN
174,2021,7.79437780380249,0.9702892899513245,71.1500015258789,0.9631898403167725,-0.039150938391685486,0.7516117095947266,0.17544862627983093,FIN
175,2022,7.728998184204102,0.9743951559066772,71.2249984741211,0.9586091041564941,0.10060976445674896,0.7413228750228882,0.1914731115102768,FIN
176,2023,7.698929309844971,0.946864664554596,71.30000305175781,0.9434178471565247,-0.0011296799639239907,0.7167778015136719,0.17283032834529877,FIN
183,2012,6.649365425109863,0.937097430229187,71.4000015258789,0.8413203358650208,-0.1547306925058365,0.7054621577262878,0.2529880106449127,FRA
184,2013,6.667121410369873,0.9076908230781555,71.5,0.8777957558631897,-0.130178764462471,0.7410864233970642,0.20496968924999237,FRA
185,2014,6.466867923736572,0.8775045275688171,71.5999984741211,0.8034741878509521,-0.12376633286476135,0.7586711049079895,0.21589383482933044,FRA
186,2015,6.3576250076293945,0.8957194089889526,71.69999694824219,0.8170362114906311,-0.1449432522058487,0.7404272556304932,0.21540027856826782,FRA
187,2016,6.475208759307861,0.8849229216575623,71.80000305175781,0.7867804765701294,-0.09696164727210999,0.7149360775947571,0.2700362503528595,FRA
188,2017,6.635222434997559,0.9314945936203003,71.9000015258789,0.8338901400566101,-0.12905699014663696,0.7158063054084778,0.24198393523693085,FRA
189,2018,6.665903568267822,0.9214630722999573,72.0,0.8163772225379944,-0.1434064358472824,0.7053083777427673,0.2824513614177704,FRA
190,2019,6.6896443367004395,0.9583480954170227,72.0999984741211,0.8272408246994019,-0.1387930065393448,0.692844808101654,0.25041553378105164,FRA
191,2020,6.714111804962158,0.9473540186882019,72.19999694824219,0.8233863115310669,-0.17551392316818237,0.6896242499351501,0.23095043003559113,FRA
192,2021,6.6562066078186035,0.9145975112915039,72.30000305175781,0.8369176983833313,-0.10408716648817062,0.6846013069152832,0.26841744780540466,FRA
193,2022,6.61380672454834,0.8655146360397339,72.4000015258789,0.798249363899231,-0.026758072897791862,0.688189685344696,0.24872346222400665,FRA
194,2023,6.556921482086182,0.8495709300041199,72.5,0.7755240797996521,0.00954272411763668,0.675797164440155,0.22800129652023315,FRA
201,2012,4.254445552825928,0.5325864553451538,63.900001525878906,0.6587240099906921,-0.2745648920536041,0.4434860646724701,0.2500878572463989,GEO
202,2013,4.348920822143555,0.5591657757759094,64.0,0.7221276164054871,-0.2596762478351593,0.4670817255973816,0.1999070793390274,GEO
203,2014,4.287508010864258,0.5584200024604797,64.0999984741211,0.7197811603546143,-0.23858177661895752,0.4581109583377838,0.2043275088071823,GEO
204,2015,4.121940612792969,0.5173715949058533,64.19999694824219,0.6399449706077576,-0.2104281187057495,0.4477141499519348,0.2331920862197876,GEO
205,2016,4.448386192321777,0.5334122776985168,64.32499694824219,0.6064683794975281,-0.25481438636779785,0.4748525619506836,0.223224475979805,GEO
206,2017,4.450774669647217,0.5904951691627502,64.44999694824219,0.820908784866333,-0.2495434433221817,0.49581947922706604,0.20963960886001587,GEO
207,2018,4.659097194671631,0.617218554019928,64.57499694824219,0.775144100189209,-0.23838350176811218,0.479062020778656,0.24377891421318054,GEO
208,2019,4.891835689544678,0.6749760508537292,64.69999694824219,0.8105341196060181,-0.265289843082428,0.5028348565101624,0.24371002614498138,GEO
209,2020,5.123143196105957,0.7183459401130676,64.82499694824219,0.7643523812294006,-0.22501297295093536,0.5725843906402588,0.2945120632648468,GEO
210,2021,4.91127347946167,0.6706894636154175,64.94999694824219,0.7770613431930542,-0.2897113561630249,0.5096328258514404,0.240043506026268,GEO
211,2022,5.292755126953125,0.7544909715652466,65.07499694824219,0.8209031820297241,-0.25490885972976685,0.5033212304115295,0.23332443833351135,GEO
212,2023,5.350635051727295,0.7790393829345703,65.19999694824219,0.876941442489624,-0.2682105004787445,0.5417845249176025,0.2310466766357422,GEO
219,2012,6.702362060546875,0.9264066219329834,70.04000091552734,0.9044404625892639,0.0648575872182846,0.6990493535995483,0.16957616806030273,DEU
220,2013,6.96512508392334,0.9314205646514893,70.05999755859375,0.8943129777908325,0.018139302730560303,0.6931337714195251,0.20499591529369354,DEU
221,2014,6.9842143058776855,0.9375589489936829,70.08000183105469,0.8986834287643433,0.08171439170837402,0.7389421463012695,0.1878448724746704,DEU
222,2015,7.037137508392334,0.925923228263855,70.0999984741211,0.8894288539886475,0.1716277301311493,0.7223848104476929,0.20270515978336334,DEU
223,2016,6.873763084411621,0.9060292840003967,70.30000305175781,0.8705150485038757,0.14228937029838562,0.7093761563301086,0.18725493550300598,DEU
224,2017,7.074324607849121,0.8921660780906677,70.5,0.8407278656959534,0.13898365199565887,0.7071136832237244,0.19643481075763702,DEU
225,2018,7.118364334106445,0.9197631478309631,70.69999694824219,0.8768875002861023,0.02817559987306595,0.7401749491691589,0.24321457743644714,DEU
226,2019,7.035472393035889,0.8856673240661621,70.9000015258789,0.884751558303833,0.05094149708747864,0.7124611139297485,0.22617121040821075,DEU
227,2020,7.3118977546691895,0.9050804972648621,71.0999984741211,0.8643560409545898,-0.0677168145775795,0.6982660889625549,0.20592711865901947,DEU
228,2021,6.754523754119873,0.8675825595855713,71.30000305175781,0.778439998626709,0.07367802411317825,0.7033330202102661,0.25119468569755554,DEU
229,2022,6.608206748962402,0.9158080220222473,71.5,0.8952218890190125,0.07995132356882095,0.6680371165275574,0.200957253575325,DEU
230,2023,6.792490482330322,0.8948324918746948,71.69999694824219,0.8447375297546387,0.106207937002182,0.7063045501708984,0.23123596608638763,DEU
236,2012,5.096354007720947,0.8121411204338074,70.16000366210938,0.3726104199886322,-0.30957627296447754,0.5444107055664062,0.3515062928199768,GRC
237,2013,4.720251083374023,0.6866500377655029,70.23999786376953,0.4259665310382843,-0.27723783254623413,0.5708364248275757,0.48218315839767456,GRC
238,2014,4.756237030029297,0.8323332071304321,70.31999969482422,0.3691563308238983,-0.29294174909591675,0.5970151424407959,0.3854333162307739,GRC
239,2015,5.622519016265869,0.8348246812820435,70.4000015258789,0.5317363142967224,-0.27716487646102905,0.6365904211997986,0.2774125337600708,GRC
240,2016,5.302619457244873,0.8026058673858643,70.5250015258789,0.4816168546676636,-0.26513397693634033,0.5938278436660767,0.3362075090408325,GRC
241,2017,5.1482415199279785,0.7528995275497437,70.6500015258789,0.4383000135421753,-0.29474079608917236,0.5159084796905518,0.3328307569026947,GRC
242,2018,5.409289360046387,0.7935007810592651,70.7750015258789,0.5644556879997253,-0.3395468294620514,0.5636278390884399,0.2550065815448761,GRC
243,2019,5.952157497406006,0.8908095359802246,70.9000015258789,0.6135841012001038,-0.2931655943393707,0.5597583651542664,0.23594646155834198,GRC
244,2020,5.787615776062012,0.7785365581512451,71.0250015258789,0.5646136403083801,-0.24616412818431854,0.6293821334838867,0.32168421149253845,GRC
245,2021,6.104214191436768,0.8503261804580688,71.1500015258789,0.574029803276062,-0.16070719063282013,0.6235564947128296,0.3108518719673157,GRC
246,2022,5.900459289550781,0.8753129839897156,71.2750015258789,0.5625561475753784,-0.31801149249076843,0.5886290669441223,0.18271400034427643,GRC
247,2023,5.79606294631958,0.8184308409690857,71.4000015258789,0.5891226530075073,-0.22280369699001312,0.6079389452934265,0.31131336092948914,GRC
253,2012,4.683358192443848,0.9061139822006226,66.12000274658203,0.5692315101623535,-0.1420387476682663,0.5819487571716309,0.3153980076313019,HUN
254,2013,4.914466857910156,0.8773183226585388,66.27999877929688,0.6737282872200012,-0.11878498643636703,0.6466063261032104,0.3067241311073303,HUN
255,2014,5.180563449859619,0.8447352647781372,66.44000244140625,0.49447470903396606,-0.1556605100631714,0.5779167413711548,0.23761963844299316,HUN
256,2015,5.344383239746094,0.8587338328361511,66.5999984741211,0.5577213764190674,-0.20365004241466522,0.649912416934967,0.2445363849401474,HUN
257,2016,5.448901653289795,0.8995115756988525,66.75,0.5539517402648926,-0.1927042305469513,0.5899617075920105,0.24332576990127563,HUN
258,2017,6.065038681030273,0.8767475485801697,66.9000015258789,0.6611659526824951,-0.145132914185524,0.6436054706573486,0.180921271443367,HUN
259,2018,5.9357709884643555,0.9405913949012756,67.05000305175781,0.6926270723342896,-0.2486373633146286,0.5946771502494812,0.20108288526535034,HUN
260,2019,6.000259876251221,0.9465155601501465,67.19999694824219,0.798041045665741,-0.20087893307209015,0.6528927683830261,0.18034812808036804,HUN
261,2020,6.038049697875977,0.9434003829956055,67.3499984741211,0.7709680795669556,-0.1273200809955597,0.6616453528404236,0.24005194008350372,HUN
262,2021,6.226647853851318,0.9478921294212341,67.5,0.7274899482727051,-0.04610445722937584,0.6681486368179321,0.19194917380809784,HUN
263,2022,5.861183166503906,0.9370588660240173,67.6500015258789,0.7755020260810852,-0.009392013773322105,0.6282212734222412,0.2501358985900879,HUN
264,2023,5.9651780128479,0.9542263746261597,67.80000305175781,0.7547153234481812,-0.0021450684871524572,0.6730110049247742,0.18858890235424042,HUN
266,2012,7.590660095214844,0.9789652824401855,71.5999984741211,0.9046545028686523,0.23457735776901245,0.8169490694999695,0.15715381503105164,ISL
267,2013,7.501394271850586,0.9671449065208435,71.69999694824219,0.923207700252533,0.298813134431839,0.8022662401199341,0.15627557039260864,ISL
268,2015,7.49807071685791,0.9802832007408142,71.9000015258789,0.9404851198196411,0.29411906003952026,0.7942911386489868,0.17950443923473358,ISL
269,2016,7.510034561157227,0.9849400520324707,71.92500305175781,0.9516095519065857,0.2743895351886749,0.807857871055603,0.15816916525363922,ISL
270,2017,7.4762139320373535,0.966752827167511,71.94999694824219,0.9387832880020142,0.2395819127559662,0.8232097625732422,0.14816001057624817,ISL
271,2019,7.532504558563232,0.9818245768547058,72.0,0.9594700932502747,,0.7872226238250732,0.17770352959632874,ISL
272,2020,7.575489521026611,0.9832860827445984,72.0250015258789,0.9486271739006042,0.15221719443798065,0.8081478476524353,0.17179514467716217,ISL
273,2021,7.564624786376953,0.9798582196235657,72.05000305175781,0.9232433438301086,0.2569889426231384,0.8058084845542908,0.15910319983959198,ISL
274,2022,7.448794364929199,0.9848011136054993,72.07499694824219,0.9356690049171448,0.22163501381874084,0.7683941721916199,0.1779928207397461,ISL
275,2023,7.561609268188477,0.9787889122962952,72.0999984741211,0.9183768033981323,0.2991569936275482,0.7930626273155212,0.18502050638198853,ISL
281,2012,6.9646453857421875,0.9617859125137329,70.33999633789062,0.9021945595741272,0.29517221450805664,0.7213983535766602,0.23666156828403473,IRL
282,2013,6.760085105895996,0.9551883339881897,70.45999908447266,0.8837720155715942,0.32450318336486816,0.744001567363739,0.2452678233385086,IRL
283,2014,7.018379211425781,0.9677446484565735,70.58000183105469,0.9216295480728149,0.2566363513469696,0.7360910773277283,0.22872304916381836,IRL
284,2015,6.830125331878662,0.9529425501823425,70.69999694824219,0.89227694272995,0.22598454356193542,0.7482663989067078,0.22534924745559692,IRL
285,2016,7.040731430053711,0.9581440091133118,70.80000305175781,0.8745891451835632,0.16881060600280762,0.744257926940918,0.21106331050395966,IRL
286,2017,7.060155391693115,0.943481981754303,70.9000015258789,0.9053411483764648,0.21042630076408386,0.7712081074714661,0.21278412640094757,IRL
287,2018,6.962335586547852,0.9378623962402344,71.0,0.8614715933799744,0.1378890872001648,0.7536033391952515,0.21305006742477417,IRL
288,2019,7.254841327667236,0.9437263607978821,71.0999984741211,0.8924586772918701,0.06726673990488052,0.7584224939346313,0.22329986095428467,IRL
289,2020,7.03493070602417,0.9603110551834106,71.19999694824219,0.8820982575416565,0.00045625134953297675,0.7526087760925293,0.24644726514816284,IRL
290,2021,6.8276519775390625,0.849838137626648,71.30000305175781,0.8463441133499146,0.13115139305591583,0.7327337265014648,0.24521057307720184,IRL
291,2022,6.869863986968994,0.9060792922973633,71.4000015258789,0.8950095176696777,0.13768459856510162,0.7378602027893066,0.23412568867206573,IRL
292,2023,6.816531181335449,0.921253502368927,71.5,0.9027664065361023,0.18217788636684418,0.741769552230835,0.24530018866062164,IRL
299,2012,5.839313983917236,0.8694866299629211,71.30000305175781,0.5700949430465698,0.10718102753162384,0.6514341235160828,0.3876522481441498,ITA
300,2013,6.009373664855957,0.9162960648536682,71.4000015258789,0.4991687536239624,-0.10793859511613846,0.7018231749534607,0.35661619901657104,ITA
301,2014,6.026585102081299,0.897899329662323,71.5,0.6235312223434448,-0.07051663100719452,0.6587449312210083,0.35601961612701416,ITA
302,2015,5.847683906555176,0.908986508846283,71.5999984741211,0.5747657418251038,-0.06984904408454895,0.6461016535758972,0.3292090892791748,ITA
303,2016,5.954524040222168,0.9272128343582153,71.67500305175781,0.623741626739502,-0.08618735522031784,0.6324813365936279,0.3391735851764679,ITA
304,2017,6.1988701820373535,0.9197912216186523,71.75,0.6328432559967041,-0.04070534184575081,0.6128391623497009,0.3228461444377899,ITA
305,2018,6.516526699066162,0.9126561284065247,71.82499694824219,0.650009274482727,-0.026956474408507347,0.5979762077331543,0.4029753506183624,ITA
306,2019,6.4454169273376465,0.8384024500846863,71.9000015258789,0.7094788551330566,-0.08811698853969574,0.5688936114311218,0.3279600739479065,ITA
307,2020,6.488356113433838,0.8898240327835083,71.9749984741211,0.7181554436683655,-0.1567099392414093,0.6138409376144409,0.3110021650791168,ITA
308,2021,6.466744899749756,0.8855336308479309,72.05000305175781,0.7028452157974243,-0.09614687412977219,0.6342868208885193,0.318436861038208,ITA
309,2022,6.258476734161377,0.8693636059761047,72.125,0.710519015789032,0.026354487985372543,0.6241306066513062,0.2981303036212921,ITA
310,2023,6.24511194229126,0.8510008454322815,72.19999694824219,0.6985619068145752,-0.05253612622618675,0.6359078288078308,0.2934224307537079,ITA
316,2012,5.125025272369385,0.851195216178894,64.9000015258789,0.5638117790222168,-0.04376816004514694,0.5881388187408447,0.23222452402114868,LVA
317,2013,5.069770336151123,0.834022581577301,65.19999694824219,0.6305075287818909,-0.07871425896883011,0.6046369075775146,0.2274494171142578,LVA
318,2014,5.7291154861450195,0.8812555074691772,65.5,0.6706531643867493,-0.04879751056432724,0.604619026184082,0.22597937285900116,LVA
319,2015,5.8805975914001465,0.8793724179267883,65.80000305175781,0.6563931703567505,-0.08362727612257004,0.5592708587646484,0.22813718020915985,LVA
320,2016,5.940446376800537,0.9170739650726318,65.9000015258789,0.685299277305603,-0.16303370893001556,0.5832885503768921,0.2313835322856903,LVA
321,2017,5.977817535400391,0.8950987458229065,66.0,0.6995201110839844,-0.16080741584300995,0.5648548007011414,0.23175311088562012,LVA
322,2018,5.901154041290283,0.9132763147354126,66.0999984741211,0.608207643032074,-0.21849003434181213,0.5205519199371338,0.1918705552816391,LVA
323,2019,5.969753742218018,0.9355012774467468,66.19999694824219,0.6979351043701172,-0.20037057995796204,0.5373051166534424,0.2116306871175766,LVA
324,2020,6.229008674621582,0.9280121922492981,66.30000305175781,0.8201116919517517,-0.08557433634996414,0.6735737323760986,0.20158237218856812,LVA
325,2021,6.353090763092041,0.954086422920227,66.4000015258789,0.8152781128883362,-0.10393941402435303,0.7164140343666077,0.18593426048755646,LVA
326,2022,6.054838180541992,0.92808997631073,66.5,0.817082405090332,0.017751676961779594,0.6318155527114868,0.16073620319366455,LVA
327,2023,6.295644760131836,0.9319729804992676,66.5999984741211,0.8155224919319153,0.058893803507089615,0.6712015271186829,0.25669288635253906,LVA
334,2012,5.7710371017456055,0.9186901450157166,64.69999694824219,0.5030271410942078,-0.2789515256881714,0.5565528869628906,0.27738556265830994,LTU
335,2013,5.595689296722412,0.9125141501426697,64.9000015258789,0.5558152794837952,-0.24235761165618896,0.5395112037658691,0.2937287390232086,LTU
336,2014,6.125723838806152,0.9082398414611816,65.0999984741211,0.5079472064971924,-0.26921573281288147,0.5649307370185852,0.28691068291664124,LTU
337,2015,5.71137809753418,0.9285235404968262,65.30000305175781,0.641470193862915,-0.2594161331653595,0.5336416959762573,0.2764516770839691,LTU
338,2016,5.8655524253845215,0.937873363494873,65.6500015258789,0.6142393350601196,-0.27209630608558655,0.552628219127655,0.24985574185848236,LTU
339,2017,6.272940635681152,0.9263166189193726,66.0,0.7493073344230652,-0.17937226593494415,0.5901115536689758,0.19511882960796356,LTU
340,2018,6.3088788986206055,0.9293501377105713,66.3499984741211,0.6989451050758362,-0.24273402988910675,0.5180925130844116,0.21355971693992615,LTU
341,2019,6.064097881317139,0.9175775051116943,66.69999694824219,0.7802664637565613,-0.2578444182872772,0.5680496096611023,0.27605435252189636,LTU
342,2020,6.391378879547119,0.952544093132019,67.05000305175781,0.8240605592727661,-0.129142627120018,0.6263457536697388,0.20191200077533722,LTU
343,2021,6.864572525024414,0.9281752109527588,67.4000015258789,0.7074025273323059,-0.12120164930820465,0.6669933199882507,0.19130076467990875,LTU
344,2022,7.037577152252197,0.9370965361595154,67.75,0.7096622586250305,-0.19158244132995605,0.47146567702293396,0.13161906599998474,LTU
345,2023,6.552654266357422,0.8813190460205078,68.0999984741211,0.7339749932289124,-0.2321668267250061,0.49328652024269104,0.20058664679527283,LTU
349,2012,6.964097023010254,0.9139077067375183,70.9000015258789,0.9165209531784058,0.04804858937859535,0.7255998253822327,0.22741171717643738,LUX
350,2013,7.130809307098389,0.9166832566261292,71.0999984741211,0.7896554470062256,-0.06453512609004974,0.6007605195045471,0.18479998409748077,LUX
351,2014,6.891127109527588,0.875469446182251,71.30000305175781,0.9379876852035522,0.09671484678983688,0.7602542638778687,0.1704093962907791,LUX
352,2015,6.701571464538574,0.9336045980453491,71.5,0.9322564005851746,0.044370703399181366,0.7278779149055481,0.1930503398180008,LUX
353,2016,6.96734094619751,0.941260576248169,71.5250015258789,0.882365345954895,0.010685492306947708,0.7064987421035767,0.1923007071018219,LUX
354,2017,7.061380863189697,0.9054355025291443,71.55000305175781,0.9028217196464539,0.03643442690372467,0.7257317900657654,0.18446700274944305,LUX
355,2018,7.242630958557129,0.9021924138069153,71.57499694824219,0.8839298486709595,-0.028108088299632072,0.7146942615509033,0.2018943428993225,LUX
356,2019,7.40401554107666,0.9121045470237732,71.5999984741211,0.930321216583252,-0.05140780285000801,0.7417380809783936,0.21163980662822723,LUX
357,2022,7.227934837341309,0.8779169917106628,71.67500305175781,0.9151099324226379,0.02285591885447502,0.7184504270553589,0.21808357536792755,LUX
358,2023,7.016062259674072,0.8791953325271606,71.69999694824219,0.9108132719993591,0.033439770340919495,0.7507004737854004,0.1944953054189682,LUX
362,2012,5.96287202835083,0.9217520356178284,70.76000213623047,0.8606898784637451,0.3430950939655304,0.638694703578949,0.39050397276878357,MLT
363,2013,6.379924774169922,0.9422314167022705,70.94000244140625,0.9094362854957581,0.40047433972358704,0.6290108561515808,0.3695581257343292,MLT
364,2014,6.452117919921875,0.9412158727645874,71.12000274658203,0.9039366245269775,0.39518117904663086,0.6056559085845947,0.3520655930042267,MLT
365,2015,6.613394260406494,0.9187648892402649,71.30000305175781,0.9121780395507812,0.3390161097049713,0.6405342221260071,0.355040580034256,MLT
366,2016,6.590842247009277,0.9303693771362305,71.3499984741211,0.9160236120223999,0.3390518128871918,0.6448318958282471,0.3554437756538391,MLT
367,2017,6.675665855407715,0.9373317956924438,71.4000015258789,0.9236429333686829,0.2435307502746582,0.6659435629844666,0.30244311690330505,MLT
368,2018,6.909710884094238,0.9315415024757385,71.44999694824219,0.9273406863212585,0.17025582492351532,0.6661304235458374,0.29569879174232483,MLT
369,2019,6.732977390289307,0.9215785264968872,71.5,0.9239668250083923,0.07709409296512604,0.6416776180267334,0.35624393820762634,MLT
370,2020,6.156822681427002,0.9379202723503113,71.55000305175781,0.9306004643440247,-0.00528660649433732,0.5760419368743896,0.41091322898864746,MLT
371,2021,6.4437150955200195,0.8971130847930908,71.5999984741211,0.8890738487243652,0.23852472007274628,0.6352535486221313,0.37532511353492737,MLT
372,2022,6.299238204956055,0.9320827722549438,71.6500015258789,0.8375440835952759,0.246261328458786,0.6711035966873169,0.3700750172138214,MLT
373,2023,6.294854640960693,0.9116561412811279,71.69999694824219,0.850814700126648,,0.6438156366348267,0.3613356053829193,MLT
380,2012,5.995712757110596,0.8262197971343994,61.7599983215332,0.6024185419082642,-0.054079893976449966,0.5637961626052856,0.31372588872909546,MDA
381,2013,5.756059169769287,0.802882969379425,62.13999938964844,0.6577342748641968,-0.07330338656902313,0.5476562976837158,0.2606029510498047,MDA
382,2014,5.91705846786499,0.8049688339233398,62.52000045776367,0.6231862306594849,-0.11773333698511124,0.5467220544815063,0.2596897482872009,MDA
383,2015,6.017472267150879,0.8399055004119873,62.900001525878906,0.5952414274215698,-0.09433407336473465,0.5559818148612976,0.2814558148384094,MDA
384,2016,5.577784061431885,0.8373214602470398,63.29999923706055,0.5573694705963135,-0.05220755189657211,0.586273729801178,0.274551123380661,MDA
385,2017,5.325530529022217,0.8307679295539856,63.70000076293945,0.5528252124786377,-0.057388532906770706,0.5625966191291809,0.25947779417037964,MDA
386,2018,5.682277202606201,0.8920798897743225,64.0999984741211,0.8238243460655212,-0.08873756229877472,0.5840497612953186,0.27007246017456055,MDA
387,2019,5.803450584411621,0.8091670870780945,64.5,0.7836645841598511,-0.09662242233753204,0.5998344421386719,0.2616209387779236,MDA
388,2020,5.811628818511963,0.8740617632865906,64.9000015258789,0.8590832352638245,-0.0580315887928009,0.6980109810829163,0.2678360641002655,MDA
389,2021,5.959048748016357,0.879554033279419,65.30000305175781,0.8326022624969482,-0.09580286592245102,0.6302832365036011,0.2701107859611511,MDA
390,2022,5.686611652374268,0.81673264503479,65.69999694824219,0.8285158276557922,-0.08429007977247238,0.5520444512367249,0.2755633592605591,MDA
391,2023,5.801368236541748,0.8423149585723877,66.0999984741211,0.844444751739502,-0.1566391885280609,0.5777193903923035,0.25091007351875305,MDA
396,2012,5.218724250793457,0.7040327787399292,66.36000061035156,0.46170637011528015,-0.19826991856098175,0.46781298518180847,0.37928134202957153,MNE
397,2013,5.074341773986816,0.735565185546875,66.44000244140625,0.5022649765014648,-0.18177123367786407,0.4930742383003235,0.33108171820640564,MNE
398,2014,5.282720565795898,0.8629303574562073,66.5199966430664,0.5026655197143555,0.09065482765436172,0.5449684262275696,0.3676467537879944,MNE
399,2015,5.1249213218688965,0.7396305203437805,66.5999984741211,0.5833173394203186,-0.14993664622306824,0.5343390107154846,0.33723944425582886,MNE
400,2016,5.304066181182861,0.8657436966896057,66.69999694824219,0.5686336755752563,-0.09337376058101654,0.5473153591156006,0.3366754651069641,MNE
401,2017,5.614798545837402,0.881199836730957,66.80000305175781,0.6259062886238098,-0.08886531740427017,0.4931038022041321,0.34978508949279785,MNE
402,2018,5.6501898765563965,0.8559796214103699,66.9000015258789,0.6264312863349915,-0.057014644145965576,0.5273206830024719,0.35493525862693787,MNE
403,2019,5.3860249519348145,0.8316249251365662,67.0,0.6941624879837036,-0.11112912744283676,0.5466321110725403,0.3659581243991852,MNE
404,2020,5.72216272354126,0.8871294856071472,67.0999984741211,0.8018550872802734,0.061224229633808136,0.5604568123817444,0.41137781739234924,MNE
405,2022,5.600043296813965,0.8754600286483765,67.30000305175781,0.778064489364624,-0.02220335602760315,0.48461154103279114,0.3171968162059784,MNE
406,2023,5.813005447387695,0.8531356453895569,67.4000015258789,0.7988186478614807,-0.06601469218730927,0.48080340027809143,0.317708820104599,MNE
412,2012,7.470715522766113,0.9388846755027771,70.9800033569336,0.8771186470985413,0.28238627314567566,0.7528684139251709,0.22628986835479736,NLD
413,2013,7.406550407409668,0.924705445766449,71.0199966430664,0.9189958572387695,0.2987975776195526,0.7646982669830322,0.23544321954250336,NLD
414,2014,7.321188449859619,0.9089957475662231,71.05999755859375,0.910179615020752,0.32557573914527893,0.7756128907203674,0.22065652906894684,NLD
415,2015,7.324437141418457,0.8790104389190674,71.0999984741211,0.9039787650108337,0.2557072341442108,0.7423878312110901,0.20212863385677338,NLD
416,2016,7.540877342224121,0.9259442090988159,71.17500305175781,0.9073100090026855,0.23291949927806854,0.7370073795318604,0.21485073864459991,NLD
417,2017,7.458965301513672,0.9365013241767883,71.25,0.9203197360038757,0.2446882426738739,0.7291611433029175,0.18451984226703644,NLD
418,2018,7.463097095489502,0.9394431710243225,71.32499694824219,0.9199851751327515,0.15589627623558044,0.747976541519165,0.20479418337345123,NLD
419,2019,7.425268650054932,0.9414774775505066,71.4000015258789,0.885592520236969,0.2068854719400406,0.7281644344329834,0.23050227761268616,NLD
420,2020,7.504447937011719,0.9439561367034912,71.4749984741211,0.9345226287841797,0.14512154459953308,0.6906580924987793,0.2465113252401352,NLD
421,2021,7.314151287078857,0.9187594056129456,71.55000305175781,0.8562934398651123,0.26562929153442383,0.7143533229827881,0.20115916430950165,NLD
422,2022,7.389636039733887,0.9289084076881409,71.625,0.8680934906005859,0.22289523482322693,0.7111276388168335,0.19800259172916412,NLD
423,2023,7.254793643951416,0.9149224758148193,71.69999694824219,0.8472867012023926,0.22254084050655365,0.6927058696746826,0.20169462263584137,NLD
428,2012,4.639647483825684,0.7983050346374512,65.05999755859375,0.6130557060241699,-0.09108445048332214,0.5509129762649536,0.4217519164085388,MKD
429,2013,5.186190605163574,0.8322537541389465,65.13999938964844,0.6409526467323303,0.01796719618141651,0.5212642550468445,0.3308756649494171,MKD
430,2014,5.203825950622559,0.7929981350898743,65.22000122070312,0.6447408199310303,0.02805182710289955,0.582850992679596,0.3069983422756195,MKD
431,2015,4.975589752197266,0.7663681507110596,65.30000305175781,0.660318911075592,-0.05311859771609306,0.5508104562759399,0.2990220785140991,MKD
432,2016,5.345746040344238,0.8712122440338135,65.5,0.7061793208122253,0.07327774912118912,0.5873298048973083,0.2922946810722351,MKD
433,2017,5.2338666915893555,0.7999551296234131,65.69999694824219,0.7521066069602966,-0.0653124675154686,0.44686999917030334,0.299390584230423,MKD
434,2018,5.239834785461426,0.848915159702301,65.9000015258789,0.7448009252548218,-0.04796315357089043,0.5118376016616821,0.2983528673648834,MKD
435,2019,5.0154852867126465,0.8146384954452515,66.0999984741211,0.7247104048728943,0.017552638426423073,0.5150540471076965,0.3036058843135834,MKD
436,2020,5.053664207458496,0.7503741979598999,66.30000305175781,0.7872847318649292,0.12725166976451874,0.5419423580169678,0.3651260733604431,MKD
437,2021,5.534749984741211,0.8088569641113281,66.5,0.7929657697677612,0.18789003789424896,0.5633528232574463,0.30336570739746094,MKD
438,2022,5.166881561279297,0.8495093584060669,66.69999694824219,0.7230889797210693,0.06849072128534317,0.5549653172492981,0.2770909070968628,MKD
439,2023,5.403024673461914,0.8829155564308167,66.9000015258789,0.738114595413208,0.1233430951833725,0.5174286961555481,0.27187469601631165,MKD
442,2012,7.678277015686035,0.9476574063301086,70.5999984741211,0.9465658664703369,0.1393103450536728,0.7984911799430847,0.2128211110830307,NOR
443,2014,7.4444708824157715,0.9411619305610657,71.0,0.9563161730766296,0.17308968305587769,0.802207887172699,0.19435493648052216,NOR
444,2015,7.603433609008789,0.9468339681625366,71.19999694824219,0.9476205110549927,0.24908918142318726,0.7963209748268127,0.20940987765789032,NOR
445,2016,7.596331596374512,0.9597428441047668,71.25,0.9543523192405701,0.12498392164707184,0.8094301819801331,0.2092621922492981,NOR
446,2017,7.578744888305664,0.9501276612281799,71.30000305175781,0.9530168175697327,0.22840823233127594,0.8001062273979187,0.2029138058423996,NOR
447,2018,7.4442620277404785,0.9659619331359863,71.3499984741211,0.9604290127754211,0.08640184253454208,0.7856070399284363,0.21186237037181854,NOR
448,2019,7.442139625549316,0.9417840242385864,71.4000015258789,0.9540444612503052,0.10305076092481613,0.7817274332046509,0.19548650085926056,NOR
449,2020,7.290032386779785,0.9559799432754517,71.44999694824219,0.9645611047744751,0.06751947849988937,0.7772747278213501,0.2160339206457138,NOR
450,2021,7.361573696136475,0.9478774070739746,71.5,0.9363791942596436,0.16582979261875153,0.7694335579872131,0.20719704031944275,NOR
451,2022,7.294604301452637,0.9265713095664978,71.55000305175781,0.9390228390693665,0.18244628608226776,0.7587098479270935,0.21109244227409363,NOR
452,2023,7.248675346374512,0.9515860080718994,71.5999984741211,0.9376494288444519,0.21949315071105957,0.7564838528633118,0.2283376306295395,NOR
458,2012,5.875931739807129,0.9359238743782043,67.45999908447266,0.8113017082214355,-0.0315212644636631,0.7108924984931946,0.26674678921699524,POL
459,2013,5.746131896972656,0.9119349122047424,67.63999938964844,0.7759313583374023,-0.14177122712135315,0.6748650670051575,0.24198095500469208,POL
460,2014,5.750282287597656,0.9236422777175903,67.81999969482422,0.8753570914268494,-0.0691915825009346,0.6810146570205688,0.22264374792575836,POL
461,2015,6.007021903991699,0.8930904269218445,68.0,0.7934621572494507,-0.0983688235282898,0.6306267976760864,0.2404320389032364,POL
462,2016,6.162076473236084,0.9173988103866577,68.17500305175781,0.8707075119018555,-0.09622209519147873,0.6655380129814148,0.22353604435920715,POL
463,2017,6.201268196105957,0.8818541169166565,68.3499984741211,0.8308426141738892,-0.12720124423503876,0.5658546686172485,0.2033877968788147,POL
464,2018,6.111485004425049,0.8634442090988159,68.5250015258789,0.870215117931366,-0.26029863953590393,0.6221758723258972,0.1760106235742569,POL
465,2019,6.242094039916992,0.8782682418823242,68.69999694824219,0.882885754108429,-0.23680730164051056,0.6128474473953247,0.16808968782424927,POL
466,2020,6.139455318450928,0.9531717300415039,68.875,0.7674286961555481,-0.013857034035027027,0.6773961186408997,0.32893791794776917,POL
467,2021,5.978068828582764,0.9355348348617554,69.05000305175781,0.7318055629730225,0.12195180356502533,0.6995754837989807,0.27723127603530884,POL
468,2022,6.66626501083374,0.8864467740058899,69.2249984741211,0.8000186085700989,-0.20879986882209778,0.5938921570777893,0.14016583561897278,POL
469,2023,6.684652805328369,0.8900729417800903,69.4000015258789,0.7751436233520508,-0.2321598082780838,0.5556963086128235,0.1551312655210495,POL
474,2012,4.993962287902832,0.8660386204719543,69.77999877929688,0.7738214135169983,-0.10290049016475677,0.631479799747467,0.3701699674129486,PRT
475,2013,5.157688140869141,0.8671808242797852,70.0199966430664,0.7880327701568604,-0.1242578849196434,0.6647236347198486,0.3478981554508209,PRT
476,2014,5.126911640167236,0.8618294596672058,70.26000213623047,0.8468101024627686,-0.1322190761566162,0.663038432598114,0.35769227147102356,PRT
477,2015,5.08086633682251,0.866213858127594,70.5,0.8004403114318848,-0.16892798244953156,0.6291592717170715,0.37073686718940735,PRT
478,2016,5.446637153625488,0.9046353697776794,70.625,0.8380693197250366,-0.2311152219772339,0.6591485738754272,0.3262527287006378,PRT
479,2017,5.711499214172363,0.8999848365783691,70.75,0.905065655708313,-0.18171419203281403,0.6078932285308838,0.2942725718021393,PRT
480,2018,5.919822692871094,0.8871132731437683,70.875,0.8774042129516602,-0.2673633098602295,0.6457319855690002,0.31799474358558655,PRT
481,2019,6.095473289489746,0.8760825991630554,71.0,0.8823511004447937,-0.24010364711284637,0.6753135323524475,0.29987475275993347,PRT
482,2020,5.767792224884033,0.8749903440475464,71.125,0.9131307601928711,-0.24422603845596313,0.6137492060661316,0.3828126788139343,PRT
483,2021,6.183014392852783,0.8949416875839233,71.25,0.8921211361885071,-0.2113703489303589,0.6287481188774109,0.28400683403015137,PRT
484,2022,5.952542781829834,0.8623441457748413,71.375,0.9032180905342102,-0.1387631893157959,0.6384845972061157,0.3162038028240204,PRT
485,2023,5.954010963439941,0.8948500156402588,71.5,0.8465991616249084,-0.17552269995212555,0.6614094376564026,0.3088172376155853,PRT
491,2012,5.166874885559082,0.7400431036949158,65.76000213623047,0.6445361375808716,-0.11956876516342163,0.519568145275116,0.34261462092399597,ROU
492,2013,5.081584453582764,0.77755206823349,65.94000244140625,0.6545421481132507,-0.13499057292938232,0.540932297706604,0.32861948013305664,ROU
493,2014,5.726893424987793,0.752941370010376,66.12000274658203,0.7542355060577393,-0.10671983659267426,0.564956545829773,0.3306877315044403,ROU
494,2015,5.777491092681885,0.7869673371315002,66.30000305175781,0.7958477139472961,-0.14705564081668854,0.6270884871482849,0.31157416105270386,ROU
495,2016,5.968870639801025,0.8092291951179504,66.42500305175781,0.8217206001281738,-0.11975954473018646,0.6074397563934326,0.25776350498199463,ROU
496,2017,6.08990478515625,0.8112401366233826,66.55000305175781,0.838586688041687,-0.16500210762023926,0.6321106553077698,0.2308361977338791,ROU
497,2018,6.15087890625,0.8179304599761963,66.67500305175781,0.8451595902442932,-0.223677396774292,0.6488659977912903,0.2984539270401001,ROU
498,2019,6.129942417144775,0.841905951499939,66.80000305175781,0.8475431799888611,-0.22754132747650146,0.6049404740333557,0.24365922808647156,ROU
499,2020,6.785142421722412,0.8690088391304016,66.92500305175781,0.8633052706718445,-0.1609233319759369,0.6677868962287903,0.2557063698768616,ROU
500,2021,6.548725605010986,0.8345091342926025,67.05000305175781,0.8709579706192017,-0.18671630322933197,0.6739823222160339,0.26439741253852844,ROU
501,2022,6.436973571777344,0.8303367495536804,67.17500305175781,0.8363665342330933,-0.17336173355579376,0.6150975823402405,0.25841185450553894,ROU
502,2023,6.488589763641357,0.825630784034729,67.30000305175781,0.8485971689224243,-0.20202508568763733,0.6279113292694092,0.27097901701927185,ROU
509,2012,5.6207356452941895,0.9012951254844666,61.380001068115234,0.6091041564941406,-0.2982528805732727,0.5625643730163574,0.17360448837280273,RUS
510,2013,5.537177562713623,0.880856990814209,61.81999969482422,0.6611855626106262,-0.2949712574481964,0.5922965407371521,0.17992375791072845,RUS
511,2014,6.0369768142700195,0.9317554235458374,62.2599983215332,0.7443320751190186,-0.27019765973091125,0.6166343688964844,0.15134692192077637,RUS
512,2015,5.995538711547852,0.9243632555007935,62.70000076293945,0.6854547262191772,-0.17669197916984558,0.6093460321426392,0.13000592589378357,RUS
513,2016,5.854945659637451,0.9109273552894592,63.07500076293945,0.7136062979698181,-0.18687869608402252,0.5867408514022827,0.1424972265958786,RUS
514,2017,5.578742980957031,0.8961513042449951,63.45000076293945,0.730874240398407,-0.15059798955917358,0.6505638957023621,0.19456052780151367,RUS
515,2018,5.513500213623047,0.9087260961532593,63.82500076293945,0.7292822003364563,-0.15297549962997437,0.6150113940238953,0.19879630208015442,RUS
516,2019,5.440523624420166,0.9100988507270813,64.19999694824219,0.7147660851478577,-0.1219959631562233,0.6320241689682007,0.2004215568304062,RUS
517,2020,5.495288848876953,0.8870201706886292,64.57499694824219,0.7144664525985718,-0.07832551002502441,0.6209917068481445,0.18952153623104095,RUS
518,2021,5.448261260986328,0.8617165684700012,64.94999694824219,0.6708101630210876,0.05319301411509514,0.5900864005088806,0.190072700381279,RUS
519,2022,6.04407262802124,0.9198510050773621,65.32499694824219,0.776063859462738,-0.07408575713634491,0.6136717200279236,0.2112041711807251,RUS
520,2023,5.86481237411499,0.8537548780441284,65.69999694824219,0.7499661445617676,0.055555351078510284,0.6161447167396545,0.19040261209011078,RUS
525,2012,5.154521942138672,0.819430410861969,65.9800033569336,0.4605746865272522,-0.1363600641489029,0.44712844491004944,0.3712364435195923,SRB
526,2013,5.101840496063232,0.828068733215332,66.12000274658203,0.5328397154808044,-0.10584548115730286,0.504834771156311,0.40345296263694763,SRB
527,2014,5.112728595733643,0.7827087044715881,66.26000213623047,0.5315972566604614,0.06597951054573059,0.4731592535972595,0.3261178135871887,SRB
528,2015,5.317685127258301,0.8162510395050049,66.4000015258789,0.5458920001983643,-0.06808367371559143,0.4722406268119812,0.3025440275669098,SRB
529,2016,5.7527546882629395,0.8948949575424194,66.5250015258789,0.6143708229064941,-0.07387980073690414,0.4922679662704468,0.29812660813331604,SRB
530,2017,5.122031211853027,0.8837704062461853,66.6500015258789,0.6848463416099548,-0.0835282951593399,0.48464301228523254,0.3264070749282837,SRB
531,2018,5.936493396759033,0.8529453277587891,66.7750015258789,0.7398918271064758,-0.10567644238471985,0.5270791053771973,0.2962958514690399,SRB
532,2019,6.24140739440918,0.9032942652702332,66.9000015258789,0.7525045871734619,-0.046176839619874954,0.47429579496383667,0.24213021993637085,SRB
533,2020,6.04154634475708,0.8521018624305725,67.0250015258789,0.8434798717498779,0.14191560447216034,0.5791388154029846,0.3575802743434906,SRB
534,2021,6.245267391204834,0.8901060819625854,67.1500015258789,0.8503679037094116,0.2613866627216339,0.5676325559616089,0.31113097071647644,SRB
535,2022,6.545587539672852,0.8958328366279602,67.2750015258789,0.7816087007522583,0.07389158010482788,0.5137187242507935,0.27456727623939514,SRB
536,2023,6.441013813018799,0.8949272036552429,67.4000015258789,0.8065032362937927,0.08489127457141876,0.5262706875801086,0.20590627193450928,SRB
540,2012,5.911059379577637,0.9257514476776123,66.94000244140625,0.6200042963027954,-0.03215731680393219,0.5848568081855774,0.3022608160972595,SVK
541,2013,5.936527252197266,0.9093785285949707,67.16000366210938,0.5979357957839966,-0.05498950555920601,0.6120620369911194,0.276509553194046,SVK
542,2014,6.138873100280762,0.9242426753044128,67.37999725341797,0.6347917318344116,-0.12968756258487701,0.6187864542007446,0.2667846083641052,SVK
543,2015,6.162004470825195,0.9434536695480347,67.5999984741211,0.587157666683197,-0.13215123116970062,0.6321669220924377,0.2692464292049408,SVK
544,2016,5.993163108825684,0.9451791048049927,67.82499694824219,0.7000985145568848,-0.06481081247329712,0.6882962584495544,0.23209157586097717,SVK
545,2017,6.365509033203125,0.9133866429328918,68.05000305175781,0.7142246961593628,-0.05862046033143997,0.7093856334686279,0.21272248029708862,SVK
546,2018,6.235110759735107,0.9223787188529968,68.2750015258789,0.7576340436935425,-0.1716141253709793,0.6697362661361694,0.2531900405883789,SVK
547,2019,6.243428707122803,0.9330883026123047,68.5,0.7711215615272522,-0.1333150416612625,0.6761534214019775,0.2518063187599182,SVK
548,2020,6.519098281860352,0.9541599750518799,68.7249984741211,0.7618966102600098,-0.08142177760601044,0.6945299506187439,0.27444788813591003,SVK
549,2021,6.418503761291504,0.9511638879776001,68.94999694824219,0.7415332198143005,0.04249461367726326,0.6915675401687622,0.24113132059574127,SVK
550,2022,6.0910820960998535,0.9614089131355286,69.17500305175781,0.7324801087379456,-0.12911029160022736,0.6649861931800842,0.26273131370544434,SVK
551,2023,6.26052188873291,0.9412627816200256,69.4000015258789,0.7531772255897522,-0.1357291340827942,0.6467652916908264,0.2350347638130188,SVK
556,2012,6.062891006469727,0.9247537851333618,69.5199966430664,0.9043862819671631,-0.025270674377679825,0.5984772443771362,0.2839898467063904,SVN
557,2013,5.974888801574707,0.9321197271347046,69.68000030517578,0.8900598287582397,0.030103182420134544,0.6245654225349426,0.2742692828178406,SVN
558,2014,5.6783952713012695,0.9083475470542908,69.83999633789062,0.8877477049827576,0.0467338003218174,0.5935014486312866,0.2908124029636383,SVN
559,2015,5.740642070770264,0.9011637568473816,70.0,0.8960072994232178,0.002204295713454485,0.6444973945617676,0.26141873002052307,SVN
560,2016,5.936821460723877,0.9344873428344727,70.17500305175781,0.9035511016845703,-0.060392867773771286,0.5971724390983582,0.2716241776943207,SVN
561,2017,6.166837692260742,0.9281878471374512,70.3499984741211,0.9208626747131348,-0.030686553567647934,0.5823107957839966,0.2856014370918274,SVN
562,2018,6.249419212341309,0.9409711956977844,70.5250015258789,0.9420458674430847,-0.12483382225036621,0.6011959910392761,0.2754848599433899,SVN
563,2019,6.665273666381836,0.9494022727012634,70.69999694824219,0.9454305171966553,-0.1083071380853653,0.6216586232185364,0.2278384566307068,SVN
564,2020,6.462076187133789,0.9534375071525574,70.875,0.9584425687789917,-0.09042347967624664,0.5749271512031555,0.3138525187969208,SVN
565,2021,6.761220932006836,0.9552525877952576,71.05000305175781,0.8510867357254028,0.02554425224661827,0.6428232789039612,0.2610425055027008,SVN
566,2022,6.723397731781006,0.9417567253112793,71.2249984741211,0.9303818345069885,0.09926781058311462,0.6246668100357056,0.24157096445560455,SVN
567,2023,6.7457685470581055,0.91065514087677,71.4000015258789,0.9314993619918823,0.03108157590031624,0.6145375967025757,0.2564457654953003,SVN
574,2012,6.2906904220581055,0.9370233416557312,71.23999786376953,0.7545861005783081,-0.06524298340082169,0.6443791389465332,0.3664744794368744,ESP
575,2013,6.150027275085449,0.9286404848098755,71.36000061035156,0.7593564391136169,-0.1072855144739151,0.6627190709114075,0.37183937430381775,ESP
576,2014,6.456477642059326,0.9478644132614136,71.4800033569336,0.7384723424911499,-0.034010887145996094,0.6826760768890381,0.33546000719070435,ESP
577,2015,6.3806633949279785,0.956471860408783,71.5999984741211,0.732000470161438,-0.07819856703281403,0.7047021985054016,0.2846936881542206,ESP
578,2016,6.318612098693848,0.9417368173599243,71.7249984741211,0.7681737542152405,-0.0539635606110096,0.6299335956573486,0.30082935094833374,ESP
579,2017,6.230173110961914,0.9031581878662109,71.8499984741211,0.7555607557296753,-0.038002219051122665,0.6011785268783569,0.30238765478134155,ESP
580,2018,6.513370990753174,0.910314679145813,71.9749984741211,0.7222506999969482,-0.08087479323148727,0.635578989982605,0.3571908473968506,ESP
581,2019,6.457449436187744,0.9490134716033936,72.0999984741211,0.7779667377471924,-0.054456647485494614,0.6361995935440063,0.315518319606781,ESP
582,2020,6.502175331115723,0.934934675693512,72.2249984741211,0.7832565307617188,-0.12677346169948578,0.6711310148239136,0.31661710143089294,ESP
583,2021,6.469611167907715,0.9264167547225952,72.3499984741211,0.7817949652671814,-0.07604547590017319,0.6390746831893921,0.32398033142089844,ESP
584,2022,6.336902141571045,0.9338998794555664,72.4749984741211,0.7814088463783264,-0.001003757119178772,0.6359292268753052,0.3199615180492401,ESP
585,2023,6.456033229827881,0.9121345281600952,72.5999984741211,0.778683066368103,-0.003899824805557728,0.6545935869216919,0.3251374661922455,ESP
592,2012,7.560147762298584,0.929397463798523,71.27999877929688,0.9443821907043457,0.12695437669754028,0.7955110669136047,0.17022612690925598,SWE
593,2013,7.4340105056762695,0.9156480431556702,71.31999969482422,0.9359105229377747,0.15391124784946442,0.7815104126930237,0.18442030251026154,SWE
594,2014,7.239147663116455,0.9327198266983032,71.36000061035156,0.9452733993530273,0.19674015045166016,0.7932690978050232,0.2076883167028427,SWE
595,2015,7.288922309875488,0.9294599890708923,71.4000015258789,0.9350720643997192,0.2061920464038849,0.7661976218223572,0.19099177420139313,SWE
596,2016,7.368744373321533,0.9120606780052185,71.5250015258789,0.9180364012718201,0.14074784517288208,0.7521624565124512,0.20060691237449646,SWE
597,2017,7.286804676055908,0.9140167832374573,71.6500015258789,0.9345821142196655,0.16528408229351044,0.7561716437339783,0.17506682872772217,SWE
598,2018,7.374792098999023,0.9306795597076416,71.7750015258789,0.9417246580123901,0.07169558107852936,0.74674391746521,0.16075542569160461,SWE
599,2019,7.398092746734619,0.9336450695991516,71.9000015258789,0.9415152072906494,0.08542494475841522,0.7745852470397949,0.2019997090101242,SWE
600,2020,7.314341068267822,0.9355823397636414,72.0250015258789,0.9511815905570984,0.08417140692472458,0.7171959280967712,0.2219332903623581,SWE
601,2021,7.439280033111572,0.9318195581436157,72.1500015258789,0.953379213809967,0.17218750715255737,0.7628944516181946,0.1900082528591156,SWE
602,2022,7.431214332580566,0.949338436126709,72.2750015258789,0.9394619464874268,0.23239469528198242,0.7503734827041626,0.16327576339244843,SWE
603,2023,7.1607770919799805,0.9266175627708435,72.4000015258789,0.926378607749939,0.1466682404279709,0.7388259768486023,0.19444540143013,SWE
606,2012,7.776208877563477,0.9468638896942139,71.5199966430664,0.9454280138015747,0.13140824437141418,0.7927051186561584,0.17600709199905396,CHE
607,2014,7.492803573608398,0.9587963223457336,71.63999938964844,0.9494014382362366,0.053017355501651764,0.7879332304000854,0.18879416584968567,CHE
608,2015,7.572136878967285,0.9383337497711182,71.69999694824219,0.9278024435043335,0.10159885138273239,0.7940536141395569,0.16575907170772552,CHE
609,2016,7.45851993560791,0.9276282787322998,71.9000015258789,0.9339470863342285,0.08087223023176193,0.7583172917366028,0.2063167244195938,CHE
610,2017,7.473593235015869,0.949661374092102,72.0999984741211,0.9249969124794006,0.17250807583332062,0.7335841059684753,0.1958714872598648,CHE
611,2018,7.508586883544922,0.9302909970283508,72.30000305175781,0.9264145493507385,0.09360811859369278,0.755630373954773,0.19152015447616577,CHE
612,2019,7.694221019744873,0.948512852191925,72.5,0.9131667017936707,0.02871980145573616,0.7425279021263123,0.17076177895069122,CHE
613,2020,7.508435249328613,0.9463164806365967,72.69999694824219,0.917343258857727,-0.07271622121334076,0.7302463054656982,0.19322898983955383,CHE
614,2021,7.327672481536865,0.934393048286438,72.9000015258789,0.9078753590583801,0.023514309898018837,0.7467812895774841,0.18260684609413147,CHE
615,2022,6.883844375610352,0.8807874321937561,73.0999984741211,0.848361074924469,0.1275789886713028,0.7100595235824585,0.17994436621665955,CHE
616,2023,6.968832969665527,0.9037570953369141,73.30000305175781,0.8909716606140137,0.10355420410633087,0.7453679442405701,0.18458163738250732,CHE
623,2012,5.030342102050781,0.8975734710693359,62.84000015258789,0.5636497735977173,-0.23131601512432098,0.508998453617096,0.19281907379627228,UKR
624,2013,4.7108025550842285,0.8965104222297668,63.15999984741211,0.5687156915664673,-0.22454160451889038,0.571862518787384,0.22459550201892853,UKR
625,2014,4.297329902648926,0.8767601847648621,63.47999954223633,0.5332674980163574,0.0783347636461258,0.5425521731376648,0.24856005609035492,UKR
626,2015,3.964542865753174,0.909439742565155,63.79999923706055,0.43059203028678894,-0.03886589780449867,0.5310363173484802,0.24107585847377777,UKR
627,2016,4.028690338134766,0.8849613666534424,63.92499923706055,0.5025418996810913,0.004896226804703474,0.5499682426452637,0.21962425112724304,UKR
628,2017,4.3110671043396,0.8583248853683472,64.05000305175781,0.5988755226135254,-0.007828428409993649,0.5280482769012451,0.23476383090019226,UKR
629,2018,4.661909103393555,0.9009367227554321,64.17500305175781,0.6630550622940063,-0.07999103516340256,0.5504855513572693,0.22185148298740387,UKR
630,2019,4.7017621994018555,0.8827264904975891,64.30000305175781,0.7153117656707764,-0.08662498742341995,0.5485344529151917,0.20113173127174377,UKR
631,2020,5.2696757316589355,0.884686291217804,64.42500305175781,0.7842734456062317,0.12084389477968216,0.6287911534309387,0.28473618626594543,UKR
632,2021,5.311355113983154,0.8793085217475891,64.55000305175781,0.7699043154716492,0.16606269776821136,0.5749099850654602,0.250389039516449,UKR
633,2022,4.637436389923096,0.8630681037902832,64.67500305175781,0.8290343880653381,0.4082977771759033,0.5267146229743958,0.38988518714904785,UKR
634,2023,4.672444820404053,0.8391851782798767,64.80000305175781,0.7722635269165039,0.3697696328163147,0.4903583526611328,0.38498812913894653,UKR
641,2012,6.880784034729004,0.9345749616622925,69.5199966430664,0.8889704942703247,0.36585235595703125,0.7386267185211182,0.1842445284128189,GBR
642,2013,6.918055057525635,0.9368841052055359,69.58000183105469,0.9052780270576477,0.3410728871822357,0.7189127802848816,0.2520957887172699,GBR
643,2014,6.758147716522217,0.9102473258972168,69.63999938964844,0.8570396900177002,0.3491040766239166,0.7402334809303284,0.2511403262615204,GBR
644,2015,6.515445232391357,0.9359857439994812,69.69999694824219,0.8329260945320129,0.29444020986557007,0.7395622730255127,0.21926185488700867,GBR
645,2016,6.824283599853516,0.9540681838989258,69.80000305175781,0.8211921453475952,0.24446599185466766,0.7324212193489075,0.22958678007125854,GBR
646,2017,7.103273391723633,0.9374952912330627,69.9000015258789,0.8127332925796509,0.2850033938884735,0.7124046683311462,0.2095724195241928,GBR
647,2018,7.233445167541504,0.9284839034080505,70.0,0.8375083804130554,0.21979162096977234,0.7362332344055176,0.2282756119966507,GBR
648,2019,7.157151222229004,0.942681074142456,70.0999984741211,0.8540395498275757,0.26392683386802673,0.7387860417366028,0.25101444125175476,GBR
649,2020,6.798177242279053,0.9293532371520996,70.19999694824219,0.8846240043640137,0.1955483853816986,0.7174813151359558,0.2246551215648651,GBR
650,2021,6.86696195602417,0.8540295958518982,70.30000305175781,0.8150771856307983,0.2518331706523895,0.683882474899292,0.26562589406967163,GBR
651,2022,6.721779823303223,0.8634395003318787,70.4000015258789,0.857062578201294,0.3075888752937317,0.7227641940116882,0.2701621353626251,GBR
652,2023,6.658042907714844,0.8858657479286194,70.5,0.8744441270828247,0.26972007751464844,0.7190335988998413,0.2723240852355957,GBR
