,ISO3 Code,Year,Rule_of_law,Gov_effectiveness,Control_of_corruption,Fdi,Gdp_per_capita,Gini,Unemployement,Political_stability
0,ALB,2012,-0.519839763641357,-0.26892501115799,-0.778729438781738,7.45135495532692,4247.63134315945,29.0,13.376,-0.143631592392921
1,ALB,2013,-0.518828868865967,-0.324457377195358,-0.751372694969177,9.81628458243044,4413.06338346821,31.45,15.866,0.0919297859072685
2,ALB,2014,-0.311199098825455,-0.0497708097100258,-0.5865718126297,8.69303872198522,4578.63320812155,34.6,18.055,0.485986232757568
3,ALB,2015,-0.31968680024147,0.0275752544403076,-0.54514080286026,8.69053394301894,3952.80357364813,32.8,17.193,0.341639041900635
4,ALB,2016,-0.322631984949112,0.0290823616087437,-0.472373723983765,8.80509197849022,4124.05538986272,33.7,15.418,0.337447881698608
5,ALB,2017,-0.414191573858261,0.0985528454184532,-0.481386840343475,7.85544826704409,4531.03220675893,33.1,13.616,0.373770743608475
6,ALB,2018,-0.414752036333084,0.0805245339870453,-0.546018898487091,7.83109066598543,5365.48934672897,30.1,12.304,0.366779267787933
7,ALB,2019,-0.426317363977432,-0.0623007006943226,-0.564274072647095,7.70621785587149,5460.42823730592,30.1,11.466,0.11010505259037
8,ALB,2020,-0.378028213977814,-0.155121222138405,-0.573538780212402,7.01865154485077,5370.77862312929,29.4,14.517,0.0886125192046165
9,ALB,2021,-0.280716270208359,-0.0359850227832794,-0.577179968357086,6.75790671297037,6413.28328605026,31.45,14.517,0.196371927857399
10,ALB,2022,-0.165585100650787,0.0645405352115631,-0.408189445734024,7.57934219388197,6846.42614266044,31.45,14.517,0.106261312961578
11,ALB,2023,-0.164097368717194,0.250855356454849,-0.332218527793884,6.88397745384155,8575.17113446213,31.45,14.517,0.183348968625069
12,AUT,2012,1.85712373256683,1.56018972396851,1.42725443840027,1.2830027920872,48250.4059142637,30.5,4.909,1.34056687355042
13,AUT,2013,1.83409059047699,1.57137954235077,1.53727698326111,-0.302633479129545,50305.3545774973,30.8,5.367,1.36410057544708
14,AUT,2014,1.93843615055084,1.5529956817627,1.46650183200836,0.389557041234778,51314.9722616322,30.5,5.674,1.27070045471191
15,AUT,2015,1.81477534770966,1.4509791135788,1.47204375267029,-1.80409511056007,43915.228020857,30.5,5.802,1.12933051586151
16,AUT,2016,1.76146185398102,1.47481060028076,1.49688053131104,-7.23989904197038,45061.4993920192,30.8,6.064,0.8921759724617
17,AUT,2017,1.8003545999527,1.46775150299072,1.50082015991211,3.38180275607348,47163.7425775142,29.7,5.561,1.02962481975555
18,AUT,2018,1.85348308086395,1.45611667633057,1.56858718395233,-6.15119207172195,51194.0749841299,30.8,4.933,0.884860396385193
19,AUT,2019,1.86229813098907,1.49212622642517,1.52132439613342,-2.85255617561831,49885.9947355204,30.2,4.56,0.892189025878906
20,AUT,2020,1.77060890197754,1.60586321353912,1.47770941257477,-2.76332070661681,48716.4098900349,29.8,5.201,0.887600898742676
21,AUT,2021,1.75175452232361,1.52829468250275,1.24272727966309,3.95409323796325,53648.7190742245,30.7,6.459,0.899554431438446
22,AUT,2022,1.70427322387695,1.46492278575897,1.25858676433563,3.03143362679607,52176.6649141178,30.5,4.992,0.648710012435913
23,AUT,2023,1.74656546115875,1.32668149471283,1.1336532831192,0.571627955399011,56033.573792065,30.5,5.264,0.727989196777344
24,BEL,2012,1.44880962371826,1.67117416858673,1.55911040306091,2.36956900950956,44874.1709182123,27.5,7.542,0.923599720001221
25,BEL,2013,1.45676612854004,1.70195496082306,1.60431730747223,-5.65561784857252,46964.5946777056,27.7,8.425,0.940082728862762
26,BEL,2014,1.54851686954498,1.51735270023346,1.51272034645081,-2.82643623555084,47995.7786961339,28.1,8.523,0.701269447803497
27,BEL,2015,1.45622563362122,1.52944529056549,1.47445356845856,-4.23261410354123,40893.804537772,27.7,8.482,0.577092111110687
28,BEL,2016,1.39380347728729,1.39763832092285,1.53124380111694,12.1319420227113,41854.5498296444,27.6,7.83,0.429606109857559
29,BEL,2017,1.32062590122223,1.24078404903412,1.40419495105743,-7.44423790176632,44035.3239358548,27.4,7.09,0.41760727763176
30,BEL,2018,1.33859252929688,1.22463178634644,1.42957329750061,-7.66649538713467,47487.2100392561,27.2,5.941,0.393769443035126
31,BEL,2019,1.3361576795578,1.11331832408905,1.44879794120789,-1.97252997818916,46716.6227467964,27.2,5.364,0.458395332098007
32,BEL,2020,1.32759404182434,1.07823526859283,1.44580173492432,-5.74235227142936,45906.2875805246,26.0,5.545,0.521078526973724
33,BEL,2021,1.29177582263947,1.08557260036469,1.45520210266113,5.90607720952822,51655.7883303715,26.6,6.248,0.662682592868805
34,BEL,2022,1.34823083877563,1.22718644142151,1.49497354030609,2.00105702528312,50807.2047084918,27.45,5.57,0.581981599330902
35,BEL,2023,1.29537487030029,1.03702199459076,1.3368444442749,-0.430551198512578,54700.9093236712,27.45,5.528,0.403853088617325
36,BGR,2012,-0.115051358938217,-0.0283869281411171,-0.281460791826248,3.2937399637389,7430.7373804242,36.0,12.27,0.379833996295929
37,BGR,2013,-0.147255629301071,-0.0132329864427447,-0.327892512083054,3.56126116234701,7687.71368243317,36.6,12.941,0.170710384845734
38,BGR,2014,-0.0820291489362717,-0.112378895282745,-0.303166449069977,1.91330024420873,7912.27484371138,37.4,11.424,0.0785408988595009
39,BGR,2015,-0.159493550658226,-0.0125585971400142,-0.346440643072128,4.37178262709924,7078.86032298969,38.6,9.143,0.010424641892314
40,BGR,2016,-0.140443801879883,0.0888326391577721,-0.260855674743652,2.75817770359404,7570.93165511708,40.6,7.575,0.0682793706655502
41,BGR,2017,-0.1249605640769,0.0980096459388733,-0.196330279111862,3.3844183495399,8381.88134621669,40.4,6.164,0.321379661560059
42,BGR,2018,-0.105849832296371,0.111848846077919,-0.188220024108887,2.73024593526346,9436.14479876055,41.3,5.211,0.444411188364029
43,BGR,2019,-0.0374133922159672,0.173703476786613,-0.181220516562462,3.23647694746529,9838.60058985384,40.3,4.23,0.561284422874451
44,BGR,2020,-0.127672985196114,-0.214027836918831,-0.3223497569561,4.68157355237615,10198.5388313404,40.5,5.125,0.401631027460098
45,BGR,2021,-0.068868450820446,-0.173440277576447,-0.258131921291351,2.76635474460295,12274.0775950496,39.0,5.267,0.36473935842514
46,BGR,2022,-0.107922710478306,-0.271232962608337,-0.158206030726433,5.46200820001027,13644.201582807,39.65,4.268,0.313428640365601
47,BGR,2023,-0.0068576806224882,0.047112051397562,-0.137721657752991,3.9628971861931,15885.5391311331,39.65,4.319,0.341861486434937
48,BIH,2012,-0.197178289294243,-0.454691231250763,-0.309364050626755,2.27539881306156,4693.78899115381,31.6,28.01,-0.538148701190948
49,BIH,2013,-0.139407932758331,-0.433313488960266,-0.244675368070602,1.72337938246778,5034.56616016469,31.6,27.49,-0.404944121837616
50,BIH,2014,-0.132231548428535,-0.492096722126007,-0.300066590309143,2.93590262269064,5206.06558252,31.6,27.517,-0.0191790424287319
51,BIH,2015,-0.264572232961655,-0.624794006347656,-0.417883574962616,2.33529302949791,4662.25883724069,31.6,27.695,-0.404167622327805
52,BIH,2016,-0.193005457520485,-0.452135771512985,-0.486797899007797,1.82975697484525,4928.5665251728,31.6,25.408,-0.402664005756378
53,BIH,2017,-0.201813697814941,-0.519017219543457,-0.554221451282501,2.77975919041996,5345.01985489192,31.6,20.527,-0.351469874382019
54,BIH,2018,-0.225580662488937,-0.670872628688812,-0.606174349784851,2.93781358415463,6047.84584261133,31.6,18.4,-0.400853604078293
55,BIH,2019,-0.225809708237648,-0.706423223018646,-0.647259771823883,2.18661377542075,6122.3753450882,31.6,15.692,-0.424811691045761
56,BIH,2020,-0.316137343645096,-1.07570326328278,-0.643099904060364,2.38939048355651,6130.31133245161,31.6,15.868,-0.447477132081985
57,BIH,2021,-0.303256839513779,-1.07316851615906,-0.666075170040131,3.24230816818479,7295.3438240957,31.6,14.897,-0.421740084886551
58,BIH,2022,-0.306983083486557,-1.06496071815491,-0.684315621852875,3.47041348895988,7655.59421024383,31.6,12.657,-0.483193695545197
59,BIH,2023,-0.351819545030594,-0.967812538146973,-0.581560015678406,3.7622620799658,8638.66620201187,31.6,10.668,-0.353373318910599
60,BLR,2012,-0.92303854227066,-0.972218334674835,-0.458519369363785,2.22818019245943,6953.21591683101,26.5,0.5,0.0686152204871178
61,BLR,2013,-0.88221949338913,-0.962117969989777,-0.405309915542603,2.97388136295762,7998.0802045456,26.6,0.5,0.00595916621387
62,BLR,2014,-0.815213024616241,-0.490350842475891,-0.234991431236267,2.36256024522518,8341.29014337961,27.2,0.5,0.179782152175903
63,BLR,2015,-0.879217445850372,-0.489229083061218,-0.315615206956863,2.92676157012568,5967.06856034227,25.6,1.0,0.110905699431896
64,BLR,2016,-0.767325043678284,-0.513944447040558,-0.223861917853355,2.61275643208459,5039.77560949445,25.3,5.844,0.135706260800362
65,BLR,2017,-0.881673812866211,-0.357744187116623,-0.241236239671707,2.33219360612021,5785.53397723676,25.4,5.648,-0.0572087056934834
66,BLR,2018,-0.893020570278168,-0.297942787408829,-0.155491337180138,2.3762653793329,6360.05310087258,25.2,4.763,0.353592693805695
67,BLR,2019,-0.859413027763367,-0.174483388662338,0.0068965516984462,1.97686317571178,6837.76832136779,25.3,4.165,0.344978094100952
68,BLR,2020,-1.08517408370972,-0.829658210277557,-0.134194105863571,2.27009964534033,6542.8645398436,24.4,4.049,-0.887615978717804
69,BLR,2021,-1.1214325428009,-0.804153621196747,-0.25852045416832,1.76640687852003,7489.71894713888,25.4,3.9,-0.754245579242706
70,BLR,2022,-1.22100031375885,-0.851723372936249,-0.579731464385986,2.17745011943276,7994.64806074889,25.4,3.574,-0.802096605300903
71,BLR,2023,-1.25094270706177,-0.991465747356415,-0.665028035640717,2.77230766294755,7829.05313660622,25.4,3.461,-0.729365646839142
72,CHE,2012,1.81180202960968,1.88282430171967,2.13839817047119,5.81910221569192,85836.2076767359,31.6,4.491,1.41833603382111
73,CHE,2013,1.79604589939117,1.81637847423553,2.12489438056946,-3.52948637026792,87304.3305813557,32.5,4.747,1.4011402130127
74,CHE,2014,1.99025726318359,2.10431861877441,2.1475772857666,2.89084632358215,88724.9909402638,32.5,4.826,1.40265262126923
75,CHE,2015,1.90928101539612,1.96745336055756,2.09474182128906,17.1083833328203,83806.4476003837,32.3,4.801,1.32649421691895
76,CHE,2016,1.90616285800934,1.97178089618683,1.94298648834229,24.2480735008832,82153.0745447889,33.0,4.918,1.28985404968262
77,CHE,2017,1.88867199420929,2.01780319213867,1.94518792629242,20.6035378169251,82254.3769269767,32.7,4.797,1.24231648445129
78,CHE,2018,1.88756000995636,1.99707686901093,1.96969377994537,-22.1051198346507,85217.3691512274,33.1,4.713,1.3194819688797
79,CHE,2019,1.86265933513641,1.91622769832611,1.94492661952972,1.21642491474438,84121.9310304414,34.0,4.394,1.31097543239594
80,CHE,2020,1.77689027786255,1.97202301025391,2.04542946815491,-32.546976043457,85897.7843338323,33.7,4.817,1.17624020576477
81,CHE,2021,1.76798534393311,1.99079787731171,1.95883810520172,-14.4091790381318,93446.4344518943,32.7,5.013,1.11537563800812
82,CHE,2022,1.75118839740753,2.04943490028381,2.00936198234558,-1.34268979434697,93245.7952120851,32.7,4.122,1.15974533557892
83,CHE,2023,1.76172566413879,2.13492703437805,2.02199912071228,-5.94811440796524,99564.710026145,32.7,4.043,1.07144391536713
84,CYP,2012,1.09355938434601,1.38360106945038,1.24330234527588,279.360988608571,28991.935546875,34.3,12.097,0.635126054286957
85,CYP,2013,1.02995848655701,1.35990357398987,1.23852777481079,108.374905080724,27797.45703125,37.0,16.131,0.563347160816193
86,CYP,2014,1.07471680641174,1.13519954681396,1.07067537307739,222.763974755191,27244.3515625,35.6,16.277,0.551882088184357
87,CYP,2015,1.01026701927185,1.0175507068634,0.971173226833344,145.462489770288,23487.228515625,34.0,15.026,0.542449116706848
88,CYP,2016,0.693160891532898,0.926266729831696,0.789454460144043,40.425813022568,24715.154296875,32.9,13.006,0.593786835670471
89,CYP,2017,0.854454517364502,0.88537871837616,0.746647298336029,62.7831017066558,26696.990234375,31.4,11.155,0.530974149703979
90,CYP,2018,0.72105348110199,0.883620500564575,0.607749342918396,-4.31101809633516,29599.986328125,32.7,8.504,0.48454225063324
91,CYP,2019,0.726727247238159,0.955758094787598,0.598950326442719,201.684997312247,29703.052734375,31.2,7.155,0.54459822177887
92,CYP,2020,0.547239065170288,0.839448511600494,0.349943220615387,-101.833102140082,28649.015625,31.7,7.755,0.288777649402618
93,CYP,2021,0.605679333209991,0.697915256023407,0.369423598051071,25.4301068406466,33734.29296875,31.3,7.513,0.422150671482086
94,CYP,2022,0.570125758647919,0.730335235595703,0.421445220708847,1.55020714842496,33938.9453125,32.8,6.807,0.423811227083206
95,CYP,2023,0.628040313720703,0.73773992061615,0.332707405090332,-26.3887486307429,36551.41796875,32.8,6.098,0.409627169370651
96,CZE,2012,1.02260160446167,0.921718597412109,0.310179650783539,4.48424380759869,20014.0354015165,26.1,6.979,1.05410611629486
97,CZE,2013,1.02387058734894,0.915809273719788,0.299111813306808,3.45386726376292,20260.4954999375,26.5,6.953,1.08477854728699
98,CZE,2014,1.13887214660645,1.03113341331482,0.429756611585617,3.83510153423089,20038.4163180257,25.9,6.108,0.989990472793579
99,CZE,2015,1.10708737373352,1.02559614181519,0.46791335940361,0.898913491904098,17931.5987670768,25.9,5.048,0.970251083374023
100,CZE,2016,0.988326966762543,1.00811576843262,0.555945515632629,5.47566421423918,18753.9686718096,25.4,3.952,0.963384211063385
101,CZE,2017,1.08858931064606,1.03059422969818,0.568141341209412,5.07066240955503,20913.197632212,24.9,2.893,0.990650773048401
102,CZE,2018,1.01980626583099,0.951154172420502,0.509728491306305,3.30353998283407,23705.9329811299,25.0,2.246,1.0264128446579
103,CZE,2019,1.01709353923798,0.919642746448517,0.533485949039459,4.18705737619005,24062.7190013343,25.3,2.015,0.941995680332184
104,CZE,2020,1.01845061779022,0.910964906215668,0.55544102191925,3.39114066226469,23472.8915454417,26.2,2.551,0.912328004837036
105,CZE,2021,1.09040725231171,1.06974017620087,0.615270674228668,4.430295245862,27696.4619527544,26.2,2.803,0.947537839412689
106,CZE,2022,1.1003965139389,1.09341883659363,0.663074553012848,3.02937517288668,28282.2236715857,25.9,2.224,0.814114570617676
107,CZE,2023,1.14218366146088,1.1140114068985,0.767809867858887,2.39661010400587,31591.1770732969,25.9,2.58,0.967361629009247
108,DEU,2012,1.66923201084137,1.53097581863403,1.81763017177582,1.8189263536368,44735.5882319701,31.1,5.372,0.775621294975281
109,DEU,2013,1.64198386669159,1.51041460037231,1.79800081253052,1.76465787052263,47220.0102098851,31.5,5.316,0.92798388004303
110,DEU,2014,1.85020470619202,1.6648246049881,1.81229484081268,0.437659919660916,48971.0824722599,30.8,4.98,0.925186455249786
111,DEU,2015,1.75914001464844,1.65639758110046,1.7758332490921,1.82321441511708,41911.0109851054,31.7,4.612,0.687514960765839
112,DEU,2016,1.58330154418945,1.66018795967102,1.78129398822784,1.64319555960592,42961.0356905775,31.4,4.104,0.667541146278381
113,DEU,2017,1.5740704536438,1.61311173439026,1.79697561264038,2.89088052868023,45526.5999576533,31.3,3.781,0.574381291866302
114,DEU,2018,1.59137535095215,1.52356374263763,1.89839863777161,4.00421026360441,48874.8595028454,31.9,3.384,0.577865242958069
115,DEU,2019,1.5813193321228,1.49534583091736,1.86510336399078,1.90698688059703,47623.8656074829,31.8,3.163,0.548539876937866
116,DEU,2020,1.52012777328491,1.31368815898895,1.82534158229828,4.48666571074036,47379.765194548,32.4,3.881,0.645049154758453
117,DEU,2021,1.5718047618866,1.28911292552948,1.7829247713089,2.34916528173016,52265.6541620571,31.5,3.594,0.725788176059723
118,DEU,2022,1.53199517726898,1.28929960727692,1.81836342811584,1.5066061525701,49686.1154582583,31.5,3.12,0.628491878509521
119,DEU,2023,1.55120778083801,1.18541669845581,1.66416621208191,0.431214646546679,54343.2265084958,31.5,3.068,0.586989283561707
120,DNK,2012,1.87506687641144,1.98699104785919,2.3824622631073,-5.00312031968255,58443.7747103968,27.8,7.798,0.914910674095154
121,DNK,2013,1.90228533744812,1.94326293468475,2.39937782287598,0.197410828523168,61377.5940590412,28.5,7.384,0.959233462810516
122,DNK,2014,2.10073828697205,1.78492867946625,2.25215744972229,1.86415567840611,62520.4509747011,28.4,6.925,0.951779723167419
123,DNK,2015,2.01513481140137,1.79474246501923,2.18585419654846,0.61075067778712,53094.0133607574,28.2,6.278,0.887059271335602
124,DNK,2016,1.88294720649719,1.82117700576782,2.20300269126892,2.49983169836595,54500.9260410217,28.2,5.989,0.852912425994873
125,DNK,2017,1.80426836013794,1.74683058261871,2.190749168396,1.08780490285887,57521.5514992225,28.7,5.833,0.854937553405762
126,DNK,2018,1.77322614192963,1.81060206890106,2.15699577331543,2.46670057625106,61324.7665045565,28.2,5.131,0.931982338428497
127,DNK,2019,1.83337736129761,1.87326776981354,2.12164855003357,-1.10067098319484,59404.2663247723,27.7,5.018,0.967598736286163
128,DNK,2020,1.80679368972778,1.8400673866272,2.23648619651794,0.36387453868222,60985.4885601514,27.5,5.637,0.920233726501465
129,DNK,2021,1.89572131633759,1.95973408222198,2.33337140083313,4.16214345185472,69727.9873677012,28.3,5.043,0.928662657737732
130,DNK,2022,1.8995805978775,1.9901350736618,2.40263819694519,7.66793351091879,68091.3191138669,28.2,4.434,0.86891770362854
131,DNK,2023,1.90893590450287,2.01564884185791,2.37605309486389,1.12428584664882,68453.8769281145,28.2,5.094,0.850847959518433
132,ESP,2012,1.03779828548431,1.05716216564178,1.17040634155273,1.56638319794926,28456.4438151477,35.4,24.789,-0.0295164491981268
133,ESP,2013,1.02537167072296,1.16768598556519,0.926990270614624,3.4608559063245,29218.9105170888,36.2,26.094,0.0120177594944835
134,ESP,2014,0.966455936431885,1.1732976436615,0.689240038394928,2.31642230011086,29694.8874886229,36.1,24.441,0.243121743202209
135,ESP,2015,0.886066854000092,1.15725028514862,0.630986750125885,1.97131692755332,25969.8383138327,36.2,22.057,0.24116013944149
136,ESP,2016,0.965352892875671,1.0948657989502,0.569826066493988,3.61722479660389,26740.6851818829,35.8,19.635,0.402214497327805
137,ESP,2017,1.02435386180878,1.00125849246979,0.510279893875122,2.54039212306224,28367.9392609439,34.7,17.224,0.270845949649811
138,ESP,2018,0.978094100952148,0.969246029853821,0.612778782844543,4.46748509754483,30592.1264795541,34.7,15.255,0.27590623497963
139,ESP,2019,0.990192174911499,0.968808770179749,0.666394531726837,2.16052375036307,29776.2011500384,34.3,14.105,0.292768746614456
140,ESP,2020,0.860964477062225,0.853928565979004,0.711801946163177,2.92165980781024,27230.3599933583,34.9,15.532,0.411448448896408
141,ESP,2021,0.843258261680603,0.907896876335144,0.715437471866608,4.42272902452136,30817.6828559001,33.9,14.781,0.509235560894012
142,ESP,2022,0.799167692661285,0.920230388641357,0.685416162014008,4.52740675341745,30287.3657583614,35.15,12.917,0.318843424320221
143,ESP,2023,0.822885692119598,0.752065539360046,0.629368722438812,2.6512753496567,33509.0127982139,35.15,12.179,0.287291556596756
144,EST,2012,1.15094149112701,0.945922076702118,1.08829832077026,7.6916567949516,17568.2137969714,32.9,10.021,0.636465191841125
145,EST,2013,1.19137024879456,0.966788172721863,1.18144452571869,4.31393930629537,19310.3874900757,35.1,8.631,0.748215436935425
146,EST,2014,1.36985957622528,1.01121234893799,1.29877054691315,6.58511618123406,20581.7898991695,34.6,7.352,0.780257880687714
147,EST,2015,1.30050790309906,1.03593826293945,1.25537073612213,-3.06910519292015,17722.1557669523,32.7,6.412,0.613857269287109
148,EST,2016,1.19259226322174,1.05459797382355,1.23109316825867,3.7692325610639,18666.3736521706,31.2,6.882,0.662796258926392
149,EST,2017,1.24847757816315,1.07229030132294,1.20263087749481,6.31892721219604,20851.5223496861,30.4,5.807,0.642370760440826
150,EST,2018,1.20345735549927,1.15055811405182,1.46850371360779,4.08015832167199,23618.1361254581,30.3,5.412,0.580415546894073
151,EST,2019,1.2427259683609,1.13976681232452,1.52524757385254,9.76819364646981,24021.2501413306,30.8,4.514,0.630197763442993
152,EST,2020,1.33508813381195,1.29900670051575,1.58082056045532,12.0147752855703,23933.9939421065,30.7,6.956,0.709816992282867
153,EST,2021,1.38935804367065,1.34329342842102,1.50660848617554,20.306394906414,27953.7670230126,31.8,6.178,0.748589515686035
154,EST,2022,1.42628395557404,1.34263217449188,1.54471278190613,4.89320122469428,28451.1477825175,31.5,5.571,0.727880895137787
155,EST,2023,1.42638897895813,1.2634699344635,1.53812229633331,12.9586916615566,30133.304450454,31.5,6.378,0.660533905029297
156,FIN,2012,1.94403350353241,2.2103111743927,2.22684669494629,1.91512248449208,47551.6740841369,27.1,7.689,1.40076518058777
157,FIN,2013,1.95568263530731,2.18062210083008,2.20024275779724,-1.83489440736896,49691.0145200739,27.2,8.193,1.38517248630524
158,FIN,2014,2.1247615814209,2.02504563331604,2.15926671028137,6.41537482088507,50073.7760815871,26.8,8.663,1.28219723701477
159,FIN,2015,2.05303645133972,1.84316194057465,2.2156457901001,7.5380054292281,42560.3456767103,27.1,9.376,1.02799820899963
160,FIN,2016,2.00771570205688,1.84161901473999,2.18630695343018,2.18951964860612,43451.2562442158,27.1,8.818,0.982591867446899
161,FIN,2017,2.02406764030457,1.9772777557373,2.16233658790588,6.66136555422276,46085.0174739036,27.4,8.64,1.06380820274353
162,FIN,2018,2.03439903259277,2.01387786865234,2.17175912857056,-3.84456657280518,49654.2497035329,27.3,7.361,0.891889691352844
163,FIN,2019,2.01262903213501,1.97280502319336,2.11393284797668,6.09707710249334,48358.1807773701,27.7,6.695,0.835258841514587
164,FIN,2020,2.01859211921692,1.90100395679474,2.17043972015381,-0.939114055968044,48828.6846862799,27.1,7.759,0.981825113296509
165,FIN,2021,2.01347613334656,1.91831088066101,2.23784065246582,8.01406291677226,53099.1351400148,27.7,7.617,0.963275969028473
166,FIN,2022,1.95789980888367,1.75458240509033,2.24686503410339,4.67298550552399,50438.4753952355,27.15,6.719,0.894830107688904
167,FIN,2023,1.96704590320587,1.73860657215118,2.22151660919189,-0.0880162430168816,52925.6897638424,27.15,7.151,0.713986694812775
168,FRA,2012,1.43693244457245,1.37338125705719,1.4719694852829,1.22790071519382,40863.5814412333,33.1,9.841,0.554941534996033
169,FRA,2013,1.40236282348633,1.48205244541168,1.30433368682861,1.18823404938295,42669.1795111893,32.5,9.913,0.448744118213654
170,FRA,2014,1.45350301265717,1.41287088394165,1.2879855632782,0.176974174772525,43148.0459288416,32.3,10.273,0.300568491220474
171,FRA,2015,1.36679553985596,1.41732227802277,1.24783480167389,1.76596182973896,36702.4323733379,32.7,10.354,0.0977598056197166
172,FRA,2016,1.35156190395355,1.38062357902527,1.32828891277313,1.44200321416196,37024.2157133669,31.9,10.057,-0.106349594891071
173,FRA,2017,1.39806187152863,1.30890679359436,1.22452700138092,1.68928072199317,38687.1626407164,31.6,9.41,0.265701532363892
174,FRA,2018,1.39622473716736,1.41971850395203,1.28155159950256,2.78594184568695,41418.1766484844,32.4,9.018,0.013894104398787
175,FRA,2019,1.37148487567902,1.33822000026703,1.24806225299835,1.96486943301562,40408.2848574751,31.2,8.415,0.271341234445572
176,FRA,2020,1.29872727394104,1.2042510509491,1.12261998653412,0.731471704018579,39169.8606000707,30.7,8.01,0.280992835760117
177,FRA,2021,1.25916755199432,1.22854030132294,1.28193628787994,3.30405312221271,43725.0999521245,31.5,7.874,0.325612366199493
178,FRA,2022,1.18058335781097,1.16521215438843,1.25943613052368,3.91856445477022,41082.8119320747,32.099999999999994,7.308,0.393339216709137
179,FRA,2023,1.18057084083557,1.14462625980377,1.18482184410095,0.288462113991059,44690.9345395117,32.099999999999994,7.335,0.343697965145111
180,GBR,2012,1.72941386699677,1.59121036529541,1.66546046733856,1.72697599448212,42497.3404974322,33.1,8.279,0.40227073431015
181,GBR,2013,1.68938088417053,1.51226651668549,1.71889758110046,1.95605174026818,43426.2981405143,32.7,7.752,0.48620143532753
182,GBR,2014,1.87468194961548,1.62349116802216,1.74633920192719,1.92156774768545,47439.6165895125,33.1,6.398,0.415347635746002
183,GBR,2015,1.77068817615509,1.70522773265839,1.83126831054688,1.54832168533284,44964.3911437292,33.3,5.552,0.503706395626068
184,GBR,2016,1.63999843597412,1.57377743721008,1.85051727294922,12.0788528134648,40985.2351382417,33.1,4.909,0.347932636737823
185,GBR,2017,1.64506530761719,1.4309287071228,1.81427049636841,4.67730914435461,40572.1214823783,32.6,4.501,0.380680292844772
186,GBR,2018,1.60317921638489,1.36169874668121,1.80687081813812,-0.872604333652357,43203.8141057739,33.7,4.145,0.0770855620503426
187,GBR,2019,1.56992924213409,1.44982588291168,1.7486674785614,0.694070007703284,42662.5353740311,32.8,3.657,0.526694297790527
188,GBR,2020,1.46396434307098,1.33215415477753,1.66020119190216,5.82864205974736,40201.6812422928,32.6,4.518,0.483050256967545
189,GBR,2021,1.39551365375519,1.23967301845551,1.64058411121368,0.160847823124997,46896.8662432834,32.4,4.865,0.489994138479233
190,GBR,2022,1.41379821300507,1.23809003829956,1.62012147903442,1.44178892281254,45935.9276473925,32.95,3.768,0.533176064491272
191,GBR,2023,1.39836597442627,1.16114270687103,1.48091387748718,-2.64545968554728,49463.8554617343,32.95,4.025,0.514935672283173
192,GEO,2012,-0.0062173483893275,0.63056617975235,0.39742112159729,5.73087327277528,4530.69533409431,39.0,19.653,-0.680453956127167
193,GEO,2013,0.0049099563620984,0.606947124004364,0.463619619607925,5.97432640298838,4712.00229382665,38.6,19.416,-0.441366165876389
194,GEO,2014,0.224748969078064,0.424183517694473,0.828279137611389,10.2241873429056,4830.33486170249,37.6,17.439,-0.321507543325424
195,GEO,2015,0.22280541062355,0.263111501932144,0.700735151767731,11.3986492046024,4086.6223465965,36.5,16.506,-0.472153753042221
196,GEO,2016,0.335771918296814,0.420896291732788,0.713530719280243,10.746989399988,4143.40125686315,36.6,16.604,-0.320115089416504
197,GEO,2017,0.262742727994919,0.481504321098328,0.759495615959167,11.7183676491747,4418.75206546679,37.9,13.939,-0.375214755535126
198,GEO,2018,0.270510762929916,0.518133521080017,0.724816799163818,7.28401976586955,4804.0546040444,36.4,12.667,-0.447562873363495
199,GEO,2019,0.248691543936729,0.766199469566345,0.716545462608337,7.92523222582948,4741.2832715876,35.9,11.565,-0.498171955347061
200,GEO,2020,0.222878128290176,0.716738402843475,0.601492643356323,3.39837673139654,4300.85701291207,34.5,11.734,-0.429610639810562
201,GEO,2021,0.14443676173687,0.616529405117035,0.661079525947571,6.74295146360052,5083.60695484577,34.2,16.506,-0.429620236158371
202,GEO,2022,0.16946941614151,0.650143086910248,0.620420038700104,9.15328575552963,6729.84659930283,33.5,16.506,-0.43653005361557
203,GEO,2023,0.177279338240623,0.791285872459412,0.617694795131683,6.7766561454358,8283.66960242964,36.5,16.506,-0.335554122924805
204,GRC,2012,0.388231575489044,0.276448935270309,-0.19037801027298,0.695897838082299,21624.346052551,36.3,24.731,-0.217248693108559
205,GRC,2013,0.467316538095474,0.357173413038254,-0.0754430443048477,1.24506178790059,21573.3449762805,36.1,27.686,-0.171341717243195
206,GRC,2014,0.373986780643463,0.298027336597443,-0.136098176240921,1.15314480305525,21474.7257123892,35.8,26.708,-0.140445962548256
207,GRC,2015,0.252492129802704,0.145935848355293,-0.119139403104782,0.652184629866422,17980.7298238137,36.0,24.981,-0.235559731721878
208,GRC,2016,0.112394168972969,0.124417319893837,-0.13452722132206,1.3975055397238,17919.2426377048,35.0,23.514,-0.129703640937805
209,GRC,2017,0.0502666123211384,0.239155456423759,-0.112043097615242,1.7162955046024,18631.9930129293,34.4,21.414,-0.0812440440058708
210,GRC,2018,0.113017320632935,0.25846466422081,-0.0562080480158329,1.88723349665644,19873.4015238771,32.9,19.179,0.153979063034058
211,GRC,2019,0.158072605729103,0.314295798540115,0.0136982277035713,2.41172201156202,19335.3602002969,33.1,17.045,0.162428334355354
212,GRC,2020,0.288973033428192,0.402936995029449,0.0319508388638496,1.72637818314203,17886.733165236,33.6,15.899,0.115181528031826
213,GRC,2021,0.321165591478348,0.406026542186737,0.183011442422867,2.80914754352091,20654.7001960815,32.9,14.657,0.10138326883316
214,GRC,2022,0.325134873390198,0.446967661380768,0.0375978611409664,3.63119902887991,20971.8349258283,34.7,12.426,0.106463775038719
215,GRC,2023,0.213158577680588,0.148003026843071,0.0978469252586365,1.93926040548242,23400.7278817691,34.7,11.023,0.239744067192078
216,HRV,2012,0.145079001784325,0.675028204917908,-0.0254572927951813,2.54569948440014,13508.6836989693,32.5,15.935,0.606891453266144
217,HRV,2013,0.177962198853493,0.675364792346954,0.107450112700462,1.59377624608893,14136.3967669505,32.0,17.251,0.642667889595032
218,HRV,2014,0.218224167823792,0.676334917545319,0.200835213065147,5.34746591045471,14187.9694531493,32.1,17.29,0.619112372398376
219,HRV,2015,0.127412468194962,0.457353413105011,0.19990636408329,0.95805116174867,12285.3032582105,31.1,16.175,0.586513638496399
220,HRV,2016,0.33985698223114,0.422308266162872,0.155666068196297,2.99014228580785,12821.1738140304,30.9,13.103,0.654191136360168
221,HRV,2017,0.308922588825226,0.535491704940796,0.0596246346831322,3.23999605818927,13902.6310485422,30.4,11.208,0.681905686855316
222,HRV,2018,0.3015296459198,0.513932764530182,0.0467699244618416,2.66911435553493,15460.4183295843,29.7,8.432,0.793678283691406
223,HRV,2019,0.348268538713455,0.456785351037979,0.0524476990103722,6.47277176941678,15563.8167397199,28.9,6.617,0.685510694980621
224,HRV,2020,0.236185565590858,0.424775809049606,0.177110493183136,2.53910439982718,14808.4620188819,29.5,7.507,0.607283234596252
225,HRV,2021,0.275418937206268,0.552374601364136,0.0375364571809769,7.42706757670832,17789.9304736722,28.9,7.608,0.621595680713654
226,HRV,2022,0.36779710650444,0.581313610076904,0.147807404398918,5.51610421858619,18466.0955472648,30.65,6.96,0.672563254833221
227,HRV,2023,0.36060556769371,0.712653696537018,0.181928679347038,3.95990588027565,21865.4562838641,30.65,6.086,0.59771203994751
228,HUN,2012,0.611102879047394,0.608617842197418,0.298703163862228,8.28331795876545,12984.8365730133,30.8,11.003,0.675794780254364
229,HUN,2013,0.583020031452179,0.678418397903442,0.293921649456024,-2.74908851237622,13715.0703590361,31.5,10.177,0.796646118164062
230,HUN,2014,0.509202778339386,0.582895636558533,0.156544849276543,9.13264031619237,14294.2584180751,30.9,7.725,0.669904828071594
231,HUN,2015,0.382024466991425,0.509736955165863,0.118709452450275,-4.36969676192795,12717.038597002,30.4,6.813,0.737792491912842
232,HUN,2016,0.413626253604889,0.457127034664154,0.0721640735864639,54.0032415239678,13104.6995457458,30.3,5.115,0.64338093996048
233,HUN,2017,0.537432312965393,0.481280267238617,0.0906213447451591,-8.64479864186923,14621.2395956755,30.6,4.156,0.796200513839722
234,HUN,2018,0.5550696849823,0.443152636289597,0.0553392209112644,-40.2628801605692,16425.2050299693,29.6,3.709,0.737591445446014
235,HUN,2019,0.498684227466583,0.450478911399841,0.0306371729820967,59.9103508132077,16786.2136399075,30.0,3.419,0.761921286582947
236,HUN,2020,0.492385804653168,0.538535594940186,0.0689540952444077,106.427933097787,16131.9540355923,29.7,4.25,0.83704686164856
237,HUN,2021,0.505373418331146,0.596821069717407,0.0119548495858908,18.3888757177947,18755.1023464312,29.2,4.045,0.798591256141663
238,HUN,2022,0.422067135572433,0.533869922161102,-0.103261694312096,-1.1227943982934,18353.298364905,30.35,3.609,0.678676307201385
239,HUN,2023,0.427084535360336,0.372758895158768,-0.0004981306265108,-34.0103605718433,22141.8669799276,30.35,4.107,0.731891810894012
240,IRL,2012,1.7272036075592,1.53906953334808,1.45570015907288,25.559985134526,49411.7387476787,33.2,15.451,0.941072702407837
241,IRL,2013,1.70915448665619,1.50404286384583,1.64604413509369,29.8149884164329,52619.2123745817,33.5,13.735,0.901075720787048
242,IRL,2014,1.76058638095856,1.59883308410645,1.69225120544434,39.3211822791795,57278.2590911107,31.9,11.858,1.05299115180969
243,IRL,2015,1.72836124897003,1.52084052562714,1.67364001274109,74.7451651859543,64311.8234684057,31.8,9.908,0.89533257484436
244,IRL,2016,1.46621227264404,1.32955777645111,1.64945268630981,26.0995626363161,64292.659966313,32.8,8.374,0.833849668502808
245,IRL,2017,1.38122129440308,1.26728880405426,1.52960228919983,20.4067173013161,72499.3268743015,31.4,6.713,0.993410110473633
246,IRL,2018,1.41250944137573,1.37824308872223,1.5349406003952,20.3765793364025,81248.3135388,30.6,5.741,1.01136958599091
247,IRL,2019,1.34828162193298,1.2575615644455,1.4588143825531,7.67631524338682,82508.4659883582,30.8,4.95,0.959416449069977
248,IRL,2020,1.45630073547363,1.43524384498596,1.53512811660767,8.08332623981842,87567.1148972037,29.2,5.623,0.965521574020386
249,IRL,2021,1.49300801753998,1.46342539787292,1.61938548088074,14.6286171122761,105561.137468992,30.1,6.364,0.843662619590759
250,IRL,2022,1.52677750587463,1.5485702753067,1.67441475391388,-6.48520600331755,106194.755859223,31.6,4.501,0.88466739654541
251,IRL,2023,1.63358354568481,1.59114551544189,1.5752888917923,-25.3851325549736,103887.800388081,31.6,4.288,0.901911556720734
252,ISL,2012,1.67797338962555,1.48314440250397,1.87803149223328,6.94277709651988,45995.5478789467,26.8,6.0,1.24503207206726
253,ISL,2013,1.65386235713959,1.48298573493958,1.90486621856689,2.93088850938654,49804.9829978371,25.4,5.376,1.28713369369507
254,ISL,2014,1.70448124408722,1.48536741733551,1.82364666461945,4.29141502345504,54576.7448146565,27.8,4.897,1.24697458744049
255,ISL,2015,1.63356757164001,1.46093690395355,1.89781582355499,6.54080992846603,52951.6815110898,26.8,3.979,1.29848098754883
256,ISL,2016,1.48315024375916,1.34993553161621,1.90363955497742,-5.12806396736361,61987.9263620283,27.2,2.978,1.34658873081207
257,ISL,2017,1.57102274894714,1.41358423233032,1.79464328289032,-28.3072317012805,72010.1490316258,26.1,2.742,1.33768677711487
258,ISL,2018,1.67925131320953,1.42581415176392,1.80560302734375,-2.37128033729888,74452.1890731447,26.8,2.704,1.39481735229492
259,ISL,2019,1.72632610797882,1.48203492164612,1.67063760757446,-2.25459249123475,68452.23622306,26.8,3.507,1.61980617046356
260,ISL,2020,1.75022161006927,1.47592997550964,1.6668643951416,-4.06130543466877,59023.5663465778,26.8,5.478,1.37503159046173
261,ISL,2021,1.71263349056244,1.59388387203217,1.76012051105499,1.80154545586606,69325.9078287926,26.8,6.029,1.37235331535339
262,ISL,2022,1.70290505886078,1.5629870891571,1.56749963760376,4.85963418914523,75314.085560994,26.8,3.789,1.24969923496246
263,ISL,2023,1.72111761569977,1.55512094497681,1.55130612850189,2.19783677396124,79636.9548578508,26.8,3.518,1.21440374851227
264,ITA,2012,0.425940155982971,0.447511166334152,0.172010645270348,0.0016635941816028,35235.7989058242,35.2,10.655,0.508217513561249
265,ITA,2013,0.436259418725967,0.532426714897156,0.070905864238739,0.907076904789882,35747.707952689,34.9,12.149,0.495499193668365
266,ITA,2014,0.422147244215012,0.472872227430344,0.0056577529758215,0.783743281747353,35750.7197500382,34.7,12.683,0.458165407180786
267,ITA,2015,0.288353830575943,0.49019667506218,0.0265776235610247,0.720886367724088,30387.1293187854,35.4,11.896,0.363257199525833
268,ITA,2016,0.366415023803711,0.544244647026062,0.0815546959638596,1.35957350873308,31126.3246947273,35.2,11.688,0.355933427810669
269,ITA,2017,0.319133818149567,0.491924196481705,0.175231233239174,0.44334154868577,32554.14668453,35.9,11.211,0.292910486459732
270,ITA,2018,0.240623876452446,0.408853262662888,0.215687438845634,2.10769610409513,34746.3441392416,35.2,10.61,0.326271682977676
271,ITA,2019,0.272417157888412,0.450929790735245,0.233934670686722,1.77066894209208,33812.788724868,34.6,9.952,0.381114274263382
272,ITA,2020,0.206682667136192,0.360754579305649,0.509535729885101,-0.893869914296467,32091.4866621366,35.2,9.164,0.399345397949219
273,ITA,2021,0.240348026156425,0.325260877609253,0.517084956169128,1.14272563508111,36852.5425414951,34.8,9.497,0.550520956516266
274,ITA,2022,0.296974033117294,0.448645293712616,0.527714252471924,2.98280776340516,35635.7442204098,35.2,8.069,0.466298222541809
275,ITA,2023,0.390358686447144,0.611036896705627,0.550129175186157,1.8261985109804,39003.3160954123,35.2,7.627,0.583320736885071
276,LTU,2012,0.844753980636597,0.826729953289032,0.386670023202896,1.5855600934776,14294.7178607152,35.1,13.365,0.786209881305695
277,LTU,2013,0.829998910427094,0.8258997797966,0.418842434883118,1.66003716547755,15655.3513307327,35.3,11.77,0.964532315731049
278,LTU,2014,0.937465846538544,0.977036237716675,0.553396463394165,0.739699359398686,16473.5678231709,37.7,10.698,0.742136418819427
279,LTU,2015,0.97820919752121,1.15046727657318,0.582566559314728,2.49622116332616,14300.2553666736,37.4,9.12,0.749750256538391
280,LTU,2016,0.996741414070129,1.03285944461823,0.676383554935455,2.7403147410033,14981.6208126311,38.4,7.862,0.8147212266922
281,LTU,2017,0.961514294147491,0.929402828216553,0.518651902675629,2.89745572307538,16884.7100319318,37.3,7.073,0.765565991401672
282,LTU,2018,0.923098206520081,1.0314474105835,0.466041952371597,2.39550085067311,19368.5391045353,35.7,6.147,0.729236841201782
283,LTU,2019,0.985989809036255,1.00766611099243,0.666305541992188,6.23035300556358,19727.7607453736,35.3,6.255,0.770623564720154
284,LTU,2020,0.94848245382309,1.0149097442627,0.778560698032379,7.94344900363669,20541.824988603,36.0,8.487,0.92147696018219
285,LTU,2021,1.07464647293091,1.01744949817657,0.824572265148163,3.74064234382321,23934.728489916,36.7,7.112,0.809846818447113
286,LTU,2022,1.06033229827881,0.993961572647095,0.746974110603333,3.40588108209325,25085.784063499,36.35,5.956,0.653032541275024
287,LTU,2023,1.26719617843628,1.05012118816376,0.781545519828796,4.80150438624708,27786.0057829276,36.35,6.841,0.742111504077911
288,LUX,2012,1.79168510437012,1.66362190246582,2.1143639087677,-22.4122807694915,112584.676270958,34.3,5.03,1.33191883563995
289,LUX,2013,1.80755913257599,1.62242209911346,2.11570620536804,71.5004338219293,120000.140729859,32.0,6.045,1.33524811267853
290,LUX,2014,1.901979804039,1.64794015884399,2.06915903091431,63.1069462039856,123678.702143275,31.2,6.044,1.37832379341125
291,LUX,2015,1.83813381195068,1.69270300865173,2.05351066589355,53.1356881901997,105462.012584423,32.9,6.796,1.42636823654175
292,LUX,2016,1.71983742713928,1.65589165687561,2.04989457130432,-1.99437877885646,106899.293549552,31.7,6.669,1.40361714363098
293,LUX,2017,1.69909048080444,1.64544296264648,1.94112145900726,22.8557855660981,110193.213797228,34.5,5.523,1.3128936290741
294,LUX,2018,1.76795589923859,1.73641335964203,2.04803919792175,30.7845247034535,116786.511654677,35.4,5.589,1.34749054908752
295,LUX,2019,1.74955821037292,1.69548451900482,2.07247686386108,252.920356064947,112726.439672814,34.2,5.592,1.3333135843277
296,LUX,2020,1.73590040206909,1.79238891601562,2.02369952201843,200.831508487808,116905.370396853,33.4,6.766,1.21248233318329
297,LUX,2021,1.74762201309204,1.67725694179535,1.84092938899994,60.9625248334477,133711.794435985,32.7,5.571,1.19407951831818
298,LUX,2022,1.76851046085358,1.77222788333893,1.88359045982361,-360.352806534785,125006.021815486,33.15,4.588,1.06439006328583
299,LUX,2023,1.75243473052979,1.91421329975128,1.92665910720825,-27.6120210823287,128678.189942826,33.15,5.184,1.05400168895721
300,LVA,2012,0.779922068119049,0.828348100185394,0.238223135471344,3.98573894005036,13329.3499931271,35.2,15.047,0.453626722097397
301,LVA,2013,0.762152135372162,0.87935084104538,0.321280241012573,3.39352198804719,14484.4715282132,35.5,11.867,0.593635261058807
302,LVA,2014,0.870915234088898,0.950847923755646,0.40977743268013,3.45179531513635,15185.814581236,35.1,10.846,0.487268358469009
303,LVA,2015,0.766673684120178,1.05340993404388,0.434054464101791,3.08543258338884,13321.9753140616,34.2,9.873,0.436310410499573
304,LVA,2016,0.927819967269897,0.965538024902344,0.395586460828781,1.23693505180815,13838.5266823272,34.3,9.643,0.467219561338425
305,LVA,2017,0.900835394859314,0.865553975105286,0.500998258590698,4.04880019492546,15132.4958333982,35.6,8.715,0.452954679727554
306,LVA,2018,0.923180341720581,1.00028502941132,0.297239780426025,1.32076900628522,17252.1710428626,35.1,7.412,0.395444005727768
307,LVA,2019,0.979084551334381,1.06574690341949,0.48045802116394,3.37100266711483,17294.9751600969,34.5,6.312,0.426870435476303
308,LVA,2020,0.92213636636734,0.838092744350433,0.693109571933746,2.81413557812427,17564.2321549354,35.7,8.098,0.462181746959686
309,LVA,2021,0.949516475200653,0.832942485809326,0.720612168312073,9.77889955337523,20262.8433862451,34.3,7.513,0.673440217971802
310,LVA,2022,0.921031415462494,0.69153767824173,0.693807184696198,3.20205546190368,20229.4613617326,35.1,6.815,0.48640912771225
311,LVA,2023,1.03986096382141,0.696560978889465,0.698113977909088,3.99799833869667,22502.8429938094,35.1,6.465,0.591089129447937
312,MDA,2012,-0.32300740480423,-0.55792099237442,-0.614259123802185,2.88432657387508,3044.8084324815,29.2,2.151,0.0464904792606831
313,MDA,2013,-0.370096445083618,-0.407670170068741,-0.753976941108704,2.54698521289676,3321.04397795719,28.5,1.873,0.00080857204739
314,MDA,2014,-0.246212035417557,-0.419933348894119,-0.854309618473053,3.67896919655633,3289.95758568777,26.8,1.425,-0.158987760543823
315,MDA,2015,-0.383665978908539,-0.721139073371887,-0.947364449501038,2.89663554883048,2749.55137054338,27.0,1.742,-0.326045989990234
316,MDA,2016,-0.529219090938568,-0.693787217140198,-0.990662038326263,1.09561343852844,2847.08794770479,26.3,1.557,-0.305498778820038
317,MDA,2017,-0.451828390359879,-0.577288508415222,-0.834933340549469,1.5715119911375,3453.26727720294,25.9,1.586,-0.31498920917511
318,MDA,2018,-0.438802748918533,-0.505967557430267,-0.758018732070923,2.75177990255296,4156.44981956646,25.7,1.196,-0.402167946100235
319,MDA,2019,-0.458089917898178,-0.441430509090424,-0.650996446609497,4.44218297010915,4405.33418162155,26.0,1.466,-0.387288391590118
320,MDA,2020,-0.515005588531494,-0.533600270748138,-0.586998105049133,1.35047634241375,4375.7788930524,26.3,1.186,-0.340111285448074
321,MDA,2021,-0.357341021299362,-0.437800526618958,-0.469503223896027,2.8200678267721,5274.60582195352,25.7,0.785,-0.205297246575356
322,MDA,2022,-0.286401212215424,-0.307596892118454,-0.342236280441284,4.03859534264597,5738.42473515618,26.3,0.897,-0.659070193767548
323,MDA,2023,-0.152658581733704,-0.164951995015144,-0.28033846616745,2.15968663127415,6729.41286813969,26.3,1.555,-0.683699607849121
324,MKD,2012,-0.251570194959641,-0.210188359022141,-0.0511750727891922,3.46744163927687,5049.8265386157,38.1,31.096,-0.492649525403976
325,MKD,2013,-0.230947881937027,-0.168528482317924,-0.0565227419137955,3.72036775399161,5626.26115664893,36.2,29.017,-0.416076391935349
326,MKD,2014,-0.0558183006942272,0.0154965808615088,-0.0327540375292301,0.535807905351314,5925.38592218015,35.2,28.215,0.256382942199707
327,MKD,2015,-0.237846747040749,-0.0302746333181858,-0.26603227853775,2.94702779153329,5262.68671928674,35.6,26.395,-0.292592734098434
328,MKD,2016,-0.344368368387222,-0.0337916128337383,-0.297931522130966,5.14755489783813,5598.48622617967,34.5,24.312,-0.355312615633011
329,MKD,2017,-0.310623556375504,-0.0176615100353956,-0.32858607172966,3.36726558000357,5955.2973863451,34.2,22.857,-0.258880764245987
330,MKD,2018,-0.308503180742264,0.055729191750288,-0.392622709274292,5.11494867914757,6713.98925398989,33.0,21.208,-0.211905926465988
331,MKD,2019,-0.306625753641129,-0.124041438102722,-0.456911981105804,4.35892493383855,6718.85826635458,33.5,17.414,0.0081416917964816
332,MKD,2020,-0.106092594563961,0.0282578598707914,-0.494269162416458,0.0622421869397704,6659.59651070776,34.85,16.575,0.112060539424419
333,MKD,2021,-0.100468806922436,-0.121813729405403,-0.375454425811768,4.97315294989199,7620.80296977508,34.85,15.801,0.0624840781092644
334,MKD,2022,-0.0968875586986542,-0.0813848301768303,-0.323990255594254,6.13067578989693,7606.2375253797,34.85,14.477,0.180839285254478
335,MKD,2023,-0.168044894933701,-0.0513173453509808,-0.34861546754837,4.06949842712956,8624.29360948531,34.85,13.174,0.170306503772736
336,MLT,2012,1.33850824832916,1.24083888530731,0.935569167137146,34.586489580652,22878.313086001,29.4,6.203,1.06507515907288
337,MLT,2013,1.32581269741058,1.25139141082764,0.97623074054718,4.72416455167554,25346.5236450477,28.8,6.115,1.04275786876678
338,MLT,2014,1.19110727310181,1.02343165874481,0.846630215644836,1.31122389888756,27356.6080303021,29.0,5.737,1.12549698352814
339,MLT,2015,1.1067533493042,0.81887686252594,0.8642418384552,32.1027329502695,25481.8977555627,29.4,5.389,1.05367743968964
340,MLT,2016,0.968909025192261,0.920882403850555,0.683730661869049,23.0840199411253,26409.6285858968,29.1,4.694,1.06645977497101
341,MLT,2017,1.11296081542969,0.968723773956299,0.703656733036041,299.824941014866,30259.3952629768,29.2,4.008,1.23830890655518
342,MLT,2018,1.01997232437134,0.930900931358337,0.547124087810516,452.221039539527,33332.1905601302,28.7,3.665,1.27164912223816
343,MLT,2019,0.921630799770355,0.824169158935547,0.209994375705719,198.19959042815,32412.2697818499,31.0,3.627,1.01364505290985
344,MLT,2020,0.883726119995117,0.99406486749649,0.342483103275299,192.141318771847,31796.8213417258,31.4,4.357,0.99847799539566
345,MLT,2021,0.835411548614502,0.853116869926453,0.292902559041977,433.860897111274,38027.3801730893,29.2,3.403,0.887514472007751
346,MLT,2022,0.785654842853546,0.804084479808807,0.238765001296997,126.275787596203,36142.2058531852,29.2,2.929,0.911014318466187
347,MLT,2023,0.702327609062195,0.397335052490234,0.10974658280611,112.62636977735,40395.7692064458,29.2,3.11,0.858121693134308
348,MNE,2012,-0.0584805831313133,0.120514154434204,-0.129764124751091,15.1222637401287,6586.39970256684,41.2,19.808,0.596563041210175
349,MNE,2013,-0.0343756228685379,0.153825387358665,-0.287302702665329,9.99730747518636,7188.86361611271,39.0,19.585,0.504595458507538
350,MNE,2014,0.0140005685389042,0.293321192264557,-0.0755308717489243,10.8186630053694,7387.87296917548,38.8,18.054,0.219455271959305
351,MNE,2015,-0.0456785894930363,0.166538342833519,-0.123520962893963,17.2602289657156,6517.19267514764,39.0,17.555,0.136638209223747
352,MNE,2016,-0.135133937001228,0.135110005736351,-0.0820801183581352,5.17948370092294,7033.43962398373,38.5,17.732,0.268716216087341
353,MNE,2017,-0.111639104783535,0.17134128510952,-0.0849762111902237,11.5444030591496,7803.35824465203,36.9,16.082,-0.0625774934887886
354,MNE,2018,0.0027681780047714,0.0904116332530975,-0.0147577738389373,8.8189254000302,8850.3749248372,36.8,15.19,0.0376955643296242
355,MNE,2019,-0.0074288840405643,0.106434404850006,-0.0302034318447113,7.53492922355211,8909.6538759126,35.7,15.128,0.05806864798069
356,MNE,2020,-0.0405889339745045,-0.106665946543217,-0.0437371805310249,11.1300494820964,7677.37132106817,35.4,17.878,-0.0611971393227577
357,MNE,2021,-0.0840640366077423,-0.0304788909852505,-0.0440896898508072,11.8356969374313,9465.96153027794,34.3,16.543,-0.0524446368217468
358,MNE,2022,-0.126116916537285,-0.0274766758084297,-0.118748672306538,14.0062013047765,10093.4387007266,37.7,14.852,-0.140881478786469
359,MNE,2023,-0.0421564690768719,0.247063115239143,-0.0793098732829094,6.98310120786314,12221.4775546967,37.7,17.555,0.0693022906780243
360,NLD,2012,1.85268175601959,1.83936905860901,2.09058332443237,30.7005118317346,50473.9442002689,27.6,5.821,1.18746471405029
361,NLD,2013,1.82529842853546,1.80873382091522,2.01686978340149,35.1314671422811,52602.2860520766,28.1,7.241,1.14381539821625
362,NLD,2014,1.973428606987,1.83546948432922,1.96052145957947,15.8698220389322,53457.2234864322,28.6,7.419,1.04511535167694
363,NLD,2015,1.9068900346756,1.82862544059753,1.83337318897247,48.5010592798915,45793.8135434697,28.2,6.872,0.912540197372437
364,NLD,2016,1.84564888477325,1.82028615474701,1.85835075378418,34.567786396249,46808.5291492503,28.2,6.007,0.896933197975159
365,NLD,2017,1.75830602645874,1.81402194499969,1.74557888507843,23.5201922487149,49513.6817346384,28.5,4.837,0.907123684883118
366,NLD,2018,1.74446511268616,1.80973696708679,1.88914597034454,-30.7775269483508,53955.0770024266,28.1,3.832,0.838281273841858
367,NLD,2019,1.73473942279816,1.76715266704559,1.86761248111725,-13.6740358407126,53554.9007491475,29.2,3.379,0.821324944496155
368,NLD,2020,1.70633113384247,1.8052179813385,1.99998319149017,-23.7095109882189,53467.9277413737,26.0,3.82,0.830933392047882
369,NLD,2021,1.69862735271454,1.72513651847839,2.00424218177795,-10.9532599562774,60141.9880911492,25.7,4.209,0.893059194087982
370,NLD,2022,1.65676593780518,1.57889866828918,1.91720008850098,1.48704290039353,59123.318556487,28.15,3.526,0.726799547672272
371,NLD,2023,1.64250445365906,1.62553191184998,1.86710047721863,-26.7686982770768,64572.0059558854,28.15,3.537,0.658281981945038
372,NOR,2012,1.95103108882904,1.8999354839325,2.24798226356506,5.44056216851406,102175.919298374,25.7,3.129,1.32746982574463
373,NOR,2013,1.97096431255341,1.87676703929901,2.28692841529846,-0.260184320751091,103553.840134417,26.4,3.425,1.3520919084549
374,NOR,2014,2.02431488037109,1.82170379161835,2.22268295288086,0.646203788277676,97666.6951838749,26.8,3.486,1.11995851993561
375,NOR,2015,1.97525000572205,1.8330682516098,2.20029306411743,1.87399423252337,74809.9658049898,27.5,4.296,1.14562010765076
376,NOR,2016,1.99445748329163,1.83236646652222,2.14950466156006,-5.03254975124346,70867.3609970749,28.5,4.68,1.18162095546722
377,NOR,2017,1.98068571090698,1.94444799423218,2.19124555587769,1.46874278067631,76131.8384032764,27.0,4.164,1.15070176124573
378,NOR,2018,1.92207717895508,1.84514558315277,2.05031037330627,-1.28796404191649,82792.8427113304,27.6,3.801,1.12084853649139
379,NOR,2019,1.94084346294403,1.82773196697235,2.0337541103363,3.99513402641074,76430.5889473338,27.7,3.684,1.14211213588715
380,NOR,2020,1.92992174625397,1.88777232170105,2.06576919555664,-1.11596503409555,68340.0181033702,27.25,4.424,1.22160577774048
381,NOR,2021,1.90791833400726,1.79539930820465,2.10831046104431,2.81683452885051,93072.8925119571,27.25,4.359,1.08862638473511
382,NOR,2022,1.76085293292999,1.94172024726868,2.0676383972168,2.42127009824237,108798.451165901,27.25,3.231,0.86123925447464
383,NOR,2023,1.83398151397705,1.79993534088135,2.11352157592773,2.20906699529341,87925.0944188399,27.25,3.573,0.892857432365417
384,POL,2012,0.817868530750275,0.657871425151825,0.659753620624542,1.52886091421625,13087.420943321,33.0,10.031,1.04947865009308
385,POL,2013,0.839544832706451,0.659244894981384,0.645680546760559,0.258983446617592,13621.9023794031,33.1,10.293,0.973354995250702
386,POL,2014,0.87160587310791,0.768983721733093,0.681905627250671,3.85089176515991,14262.2841914116,32.8,8.971,0.842940807342529
387,POL,2015,0.803594648838043,0.74108874797821,0.694461524486542,3.29546177974363,12637.5220324406,31.8,7.475,0.862319052219391
388,POL,2016,0.593824148178101,0.651506066322327,0.759568095207214,3.81608753667806,12464.0110508476,31.2,6.141,0.496157646179199
389,POL,2017,0.400895059108734,0.550776779651642,0.698781192302704,2.37812836572029,13913.3402919927,29.7,4.867,0.509756147861481
390,POL,2018,0.376929372549057,0.546892523765564,0.622786521911621,3.34803923662527,15658.2120316794,30.2,3.835,0.480488687753677
391,POL,2019,0.391241818666458,0.512824833393097,0.611018896102905,3.15455649244208,15874.5220531254,28.8,3.267,0.550716519355774
392,POL,2020,0.524749398231506,0.324195116758347,0.618671596050262,3.31499059495462,15987.5753654045,28.5,3.155,0.491619497537613
393,POL,2021,0.425569206476212,0.254306375980377,0.546135544776917,5.44306737738578,18635.5104895754,28.5,3.268,0.49190354347229
394,POL,2022,0.428134799003601,0.258881956338882,0.506645441055298,6.00626096603428,18891.2121169279,30.7,2.811,0.505146443843842
395,POL,2023,0.458741247653961,0.421437799930573,0.565399944782257,4.24072792984725,22056.6661704127,30.7,2.743,0.559584558010101
396,PRT,2012,1.03611195087433,1.00191485881805,0.955447733402252,9.88117848952073,20593.4274224109,36.0,15.531,0.775272607803345
397,PRT,2013,1.03864598274231,1.19421780109406,0.91217178106308,6.94609171015971,21676.4859642714,36.2,16.188,0.74876344203949
398,PRT,2014,1.11946487426758,0.983170330524445,0.909372627735138,5.23551856283017,22120.6850127107,35.6,13.897,0.8062744140625
399,PRT,2015,1.10189425945282,1.15793454647064,0.892139911651611,0.6380745862791,19215.7813014347,35.5,12.447,0.904212951660156
400,PRT,2016,1.04333281517029,1.14832854270935,0.858934998512268,3.56501050349716,19980.2808866516,35.2,11.068,0.958625793457031
401,PRT,2017,1.10397756099701,1.2940491437912,0.821428775787354,4.83731761644887,21442.3842768879,33.8,8.869,1.10616970062256
402,PRT,2018,1.1079808473587,1.18115174770355,0.806315660476685,3.240940463269,23541.1401075289,33.5,6.994,1.11530721187592
403,PRT,2019,1.10635912418365,1.13418579101562,0.745498478412628,4.29794091554859,23343.3628970034,32.8,6.464,1.05175185203552
404,PRT,2020,1.15668058395386,0.979601144790649,0.72114634513855,1.73847041272099,22299.4044062173,34.7,6.801,1.00873112678528
405,PRT,2021,1.10502743721008,0.952431321144104,0.741993844509125,3.06611456095761,24711.4510062111,34.6,6.577,0.937390148639679
406,PRT,2022,1.11221826076508,1.00113356113434,0.728919625282288,3.71003929656135,24620.519556875,34.95,6.011,0.795802593231201
407,PRT,2023,1.06766510009766,0.987550020217896,0.696312069892883,3.35726106492717,27331.2094945255,34.95,6.509,0.712578117847443
408,ROU,2012,0.0929005369544029,-0.169484630227089,-0.381443470716476,1.70143772893218,8929.95366231474,36.5,6.794,0.0823415592312813
409,ROU,2013,0.190215259790421,0.134710595011711,-0.301038712263107,2.03100513989555,9497.67411615237,36.9,7.096,0.179133072495461
410,ROU,2014,0.242155745625496,0.224672213196754,-0.224212571978569,1.9372882717301,10031.7710755404,36.0,6.802,0.0491361282765865
411,ROU,2015,0.204882144927979,0.0987904593348503,-0.170948252081871,2.42725822119065,8977.01748158196,35.9,6.812,0.181799337267876
412,ROU,2016,0.45245349407196,-0.0682618692517281,-0.178657218813896,3.37417569649644,9404.54005870715,34.4,5.901,0.266823202371597
413,ROU,2017,0.436648339033127,-0.0847913026809692,-0.141483217477798,2.83273074460251,10727.9822007426,36.0,4.927,0.0485141687095165
414,ROU,2018,0.367548227310181,-0.177138328552246,-0.226882994174957,3.01622370394842,12502.2624061935,35.8,4.187,0.0363187454640865
415,ROU,2019,0.415343642234802,-0.215103924274445,-0.236893355846405,2.92654448293784,12992.0326104674,34.8,3.912,0.542255997657776
416,ROU,2020,0.368689924478531,-0.286944448947906,-0.0985997840762138,1.42933934913704,13082.3006559554,34.6,5.035,0.508950412273407
417,ROU,2021,0.38048443198204,-0.163359016180038,-0.0613786391913891,4.09599109735679,14986.7854904274,33.9,5.59,0.581789910793304
418,ROU,2022,0.403401881456375,-0.0004623509012162,0.0164916589856148,3.87290125410084,15557.8826247584,35.849999999999994,5.614,0.431136310100555
419,ROU,2023,0.437425792217255,-0.0926659479737282,0.0404953435063362,2.48272341305168,18404.2730871704,35.849999999999994,5.592,0.373643964529037
420,RUS,2012,-0.857621252536774,-0.534914612770081,-1.05157160758972,2.29079869889368,15401.8515625,35.6,5.484,-0.817712664604187
421,RUS,2013,-0.821814119815826,-0.452954411506653,-1.02072441577911,3.01940211363344,15941.4482421875,35.6,5.513,-0.736093640327454
422,RUS,2014,-0.773192346096039,-0.195760622620583,-0.918883323669434,1.0698764102333,14055.47265625,36.9,5.212,-0.943617463111877
423,RUS,2015,-0.815131187438965,-0.332078844308853,-0.974069595336914,0.502607961400285,9277.7138671875,36.5,5.615,-1.03222346305847
424,RUS,2016,-0.845054090023041,-0.324105769395828,-0.838650405406952,2.54849998807899,8663.158203125,36.7,5.591,-0.947688162326813
425,RUS,2017,-0.845929563045502,-0.191041514277458,-0.91468071937561,1.81409297475419,10658.9130859375,35.5,5.238,-0.642759621143341
426,RUS,2018,-0.832721412181854,-0.103785149753094,-0.869339644908905,0.530060790633169,11211.8876953125,35.3,4.871,-0.538330912590027
427,RUS,2019,-0.771243870258331,0.0241736769676208,-0.822259068489075,1.88851731564914,11447.701171875,35.7,4.513,-0.551088750362396
428,RUS,2020,-0.80521035194397,-0.111088737845421,-0.930568337440491,0.634851184443604,10108.3271484375,33.7,5.62,-0.667407393455505
429,RUS,2021,-0.886179327964783,-0.210440874099731,-0.921020746231079,2.1943240262796,12521.5224609375,35.1,4.749,-0.707898318767548
430,RUS,2022,-1.19659042358398,-0.696263790130615,-0.979839682579041,-1.7564179452356,15445.2421875,35.6,3.867,-1.00599670410156
431,RUS,2023,-1.18764269351959,-0.712461888790131,-1.10467827320099,-0.496932674066668,13817.0458984375,35.6,3.076,-1.13433384895325
432,SRB,2012,-0.332835763692856,-0.173352405428886,-0.357432961463928,2.82759932149649,6263.04086072815,39.9,24.0,-0.217299461364746
433,SRB,2013,-0.298828899860382,-0.179090812802315,-0.327844172716141,4.08141056622247,7040.41812068781,39.4,22.154,-0.0756380930542946
434,SRB,2014,-0.0947809815406799,0.0016253917710855,-0.2474045753479,4.07119376860245,6886.67809068704,40.4,19.223,0.184110775589943
435,SRB,2015,-0.0757768601179123,-0.0026127484161406,-0.318577229976654,5.67381755834409,5820.3215576888,40.5,17.66,0.234833031892776
436,SRB,2016,-0.127017572522163,-0.0386092476546764,-0.383323162794113,5.57770746372387,5982.37030126471,38.8,15.257,0.133281603455544
437,SRB,2017,-0.179726555943489,0.0732555314898491,-0.435910999774933,6.29636171721259,6548.03653824187,36.1,13.477,0.0833679884672165
438,SRB,2018,-0.170322611927986,0.0744296610355377,-0.396570771932602,7.71374568954874,7559.86165747394,35.0,12.733,0.0053210719488561
439,SRB,2019,-0.143851891160011,-0.0167613662779331,-0.450225323438644,7.92487427143519,7755.632986437,34.5,10.395,-0.0780515447258949
440,SRB,2020,-0.123005606234074,-0.0429243594408035,-0.451470822095871,6.23865408002073,8098.70955668849,35.0,9.011,-0.170754417777061
441,SRB,2021,-0.115502558648586,0.01235440839082,-0.459140092134476,6.95312089132575,9680.52798074468,33.1,9.843,-0.0852114632725716
442,SRB,2022,-0.113955773413181,0.0651759877800941,-0.456542432308197,6.90481580907468,10022.9688543402,37.45,8.439,-0.174069464206696
443,SRB,2023,-0.0745044872164726,0.0076343188993632,-0.447204262018204,6.01371996085662,12281.5058488303,37.45,8.268,-0.0391097068786621
444,SVK,2012,0.485911756753922,0.781547546386719,0.0692804977297783,1.87551069035638,17516.9691054078,26.1,13.966,1.08840095996857
445,SVK,2013,0.463767737150192,0.725380659103394,0.0489006824791431,1.01266878582834,18312.7805149823,28.1,14.227,1.11951816082001
446,SVK,2014,0.485068291425705,0.793422877788544,0.121957376599312,-0.356803047431847,18770.9289896545,26.1,11.537,1.03912115097046
447,SVK,2015,0.466484010219574,0.736977159976959,0.109913036227226,1.70487122540291,16442.0760860018,26.5,11.492,0.865759432315826
448,SVK,2016,0.597048819065094,0.793482840061188,0.152081429958344,5.27770700739813,16636.0769133073,25.2,9.679,0.708230555057526
449,SVK,2017,0.513248085975647,0.666439116001129,0.0974162742495537,4.39986424621102,17645.5298716761,23.2,8.142,0.902731478214264
450,SVK,2018,0.472869634628296,0.581321477890015,0.230296522378922,2.11269531583982,19573.3717031314,25.0,6.544,0.736685812473297
451,SVK,2019,0.500033497810364,0.54965877532959,0.187729358673096,2.15394548631738,19406.0589683582,23.2,5.761,0.667368829250336
452,SVK,2020,0.655498802661896,0.502145826816559,0.415226489305496,-1.05975666677956,19735.4858280801,24.2,6.719,0.633981704711914
453,SVK,2021,0.678475677967072,0.490655839443207,0.210813537240028,2.25526375759947,22138.1949833348,24.1,6.894,0.617919027805328
454,SVK,2022,0.620998740196228,0.378134667873383,0.213295862078667,4.16384241518814,21342.7666714692,25.1,6.143,0.445335745811462
455,SVK,2023,0.603365182876587,0.229512304067612,0.292565286159515,-0.246592870705797,24491.3771867262,25.1,5.841,0.573219299316406
456,SVN,2012,1.00906705856323,1.018315076828,0.832158982753754,0.0726446385878612,22442.1417859955,25.6,8.841,0.935110688209534
457,SVN,2013,0.994512796401978,1.00098669528961,0.722197890281677,0.217315881641326,23236.9655321695,26.2,10.103,0.882251679897308
458,SVN,2014,0.999711990356445,0.996188342571259,0.721584439277649,2.05875310395563,24013.0682060959,25.7,9.668,0.965773403644562
459,SVN,2015,0.945756256580353,0.936799585819244,0.737131714820862,4.05096848349793,20697.2748530619,25.4,8.962,0.947492003440857
460,SVN,2016,1.05059957504272,1.08712339401245,0.784757494926453,3.26541395278807,21447.8377796036,24.8,8.0,0.979141891002655
461,SVN,2017,0.993279337882996,1.12923729419708,0.776858031749725,2.4842141360232,23303.077705959,24.2,6.565,0.866365492343903
462,SVN,2018,1.02447843551636,1.08223867416382,0.835979223251343,2.86489909951597,25888.0481065655,24.6,5.108,0.89426726102829
463,SVN,2019,1.08500075340271,1.04178440570831,0.888419628143311,3.99098612082388,25814.1687167572,24.4,4.446,0.801585972309113
464,SVN,2020,1.03954863548279,1.121173620224,0.777402997016907,0.948340847721796,25392.0651093612,24.0,4.971,0.701467931270599
465,SVN,2021,1.00168013572693,1.13730704784393,0.692999660968781,3.60681571306541,29187.369382785,24.3,4.744,0.755585372447968
466,SVN,2022,0.970905184745789,1.06853556632996,0.767268538475037,3.63837227783815,28373.8382265999,24.700000000000003,4.011,0.709335088729858
467,SVN,2023,1.03880786895752,1.03929400444031,0.776647090911865,2.09351642254274,32610.110922729,24.700000000000003,3.652,0.818632841110229
468,SWE,2012,1.92827761173248,1.91103565692902,2.27712059020996,0.777370132358847,57749.8251328664,27.6,7.976,1.17059719562531
469,SWE,2013,1.95059812068939,1.78899824619293,2.239426612854,0.254696304546179,60844.2767113975,28.8,8.052,1.12777805328369
470,SWE,2014,1.97514510154724,1.68137550354004,2.11085391044617,-1.04543478042344,59583.7140001673,28.4,7.954,1.06541478633881
471,SWE,2015,1.99032938480377,1.6848486661911,2.14546346664429,1.94889442525099,51197.9529341175,29.2,7.432,0.932670474052429
472,SWE,2016,1.95228481292725,1.66307485103607,2.10577654838562,3.00853908060468,51820.3972482676,29.6,6.99,1.00078213214874
473,SWE,2017,1.81969857215881,1.67575168609619,2.09996318817139,4.53384406821975,53300.8587281785,28.8,6.718,0.968603014945984
474,SWE,2018,1.78407502174377,1.67109441757202,2.10963678359985,-0.129536947454264,54181.9069780904,30.0,6.365,0.921417593955994
475,SWE,2019,1.79216158390045,1.67401242256165,2.09194946289062,2.98447516897391,51773.0464558993,29.3,6.833,1.01188635826111
476,SWE,2020,1.76741015911102,1.6700267791748,2.09451055526733,3.39683456902909,52653.7565934247,28.9,8.291,0.997376799583435
477,SWE,2021,1.69935715198517,1.61025524139404,2.09849810600281,8.60639736102337,61174.9680215622,29.8,8.722,1.01450800895691
478,SWE,2022,1.68850898742676,1.5724048614502,2.06152534484863,8.26690116179806,55296.9371472535,29.049999999999997,7.392,0.910905122756958
479,SWE,2023,1.60402345657349,1.60138332843781,2.0282461643219,3.93207943060227,55516.836477474,29.049999999999997,7.611,0.758365273475647
480,TUR,2012,-0.0366085544228554,0.432250022888184,0.161344781517982,1.56083222274036,11713.2849831139,43.5,9.21,-1.22053194046021
481,TUR,2013,-0.0046927677467465,0.398709654808044,0.0915075615048409,1.41605893309676,12578.1878632,43.5,9.713,-1.24993252754211
482,TUR,2014,-0.0760362073779106,0.392252773046494,-0.134328410029411,1.42043970559208,12165.220135038,43.5,9.901,-1.08603596687317
483,TUR,2015,-0.23225000500679,0.199524775147438,-0.161549240350723,2.22870440882429,11049.9951100942,43.5,10.304,-1.49530971050262
484,TUR,2016,-0.341492354869843,-0.0065070367418229,-0.199177414178848,1.59080974143791,10970.0458948862,43.5,10.899,-2.00721478462219
485,TUR,2017,-0.317272514104843,0.0138382893055677,-0.208805039525032,1.30269498288905,10695.550196231,43.5,10.919,-1.78637635707855
486,TUR,2018,-0.390099376440048,-0.0684682950377464,-0.35130301117897,1.59826004955637,9568.83506330228,42.4,10.956,-1.31519985198975
487,TUR,2019,-0.346833646297455,-0.0204638708382845,-0.325921058654785,1.24926755538016,9215.44049888114,43.8,13.73,-1.37818169593811
488,TUR,2020,-0.418659001588821,-0.15879775583744,-0.36175400018692,1.06547131703503,8638.73903848102,43.0,13.148,-1.14388263225555
489,TUR,2021,-0.433712124824524,-0.119116462767124,-0.408259898424149,1.57281948580071,9743.21277804855,44.4,11.969,-1.13679277896881
490,TUR,2022,-0.459680616855621,-0.199645325541496,-0.468106269836426,1.50652874838996,10674.504157865,43.5,10.465,-1.03223478794098
491,TUR,2023,-0.511972904205322,-0.247911587357521,-0.50248908996582,0.979295414364425,13105.6585678319,43.5,9.388,-1.01108038425446
492,UKR,2012,-0.81733900308609,-0.59455281496048,-1.11753916740417,4.47720109403357,3951.34228515625,24.7,7.529,-0.0922749042510986
493,UKR,2013,-0.844953835010529,-0.664322078227997,-1.17666733264923,2.36694390135139,4129.89697265625,24.6,7.17,-0.777284979820251
494,UKR,2014,-0.829762279987335,-0.39884689450264,-1.02474439144135,0.634438528402592,3054.908203125,24.0,9.27,-2.02083349227905
495,UKR,2015,-0.873573780059814,-0.554407000541687,-1.03961312770844,-0.217508398305494,2094.47387695313,25.5,9.14,-1.95953238010406
496,UKR,2016,-0.817245066165924,-0.609457552433014,-0.867796838283539,4.42178946686191,2158.46118164063,25.0,9.35,-1.8533319234848
497,UKR,2017,-0.756031930446625,-0.514022350311279,-0.832255303859711,3.28306130596563,2604.28759765625,26.0,9.5,-1.86741781234741
498,UKR,2018,-0.760341882705688,-0.459631830453873,-0.921338856220245,3.80086991777664,3059.0517578125,26.1,8.799,-1.87217938899994
499,UKR,2019,-0.745435535907745,-0.334266752004623,-0.800639629364014,3.76649676088543,3619.86157226563,26.6,8.194,-1.42837619781494
500,UKR,2020,-0.713144361972809,-0.410091131925583,-0.832628607749939,0.194103193490519,3709.76928710938,25.6,9.475,-1.16393649578094
501,UKR,2021,-0.681738317012787,-0.439535766839981,-0.787211775779724,3.98166133947207,4775.94580078125,25.5,9.834,-1.12698400020599
502,UKR,2022,-0.917947947978973,-0.497119277715683,-0.634004473686218,0.136428578229067,4199.6708984375,25.5,9.205,-1.94932460784912
503,UKR,2023,-0.888317406177521,-0.357320100069046,-0.686146318912506,2.68800629322443,5069.703125,25.5,9.205,-1.42982339859009
