Series Name,Series Code,Country Name,Country Code,1990 [YR1990],2000 [YR2000],2014 [YR2014],2015 [YR2015],2016 [YR2016],2017 [YR2017],2018 [YR2018],2019 [YR2019],2020 [YR2020],2021 [YR2021],2022 [YR2022],2023 [YR2023]
"Foreign direct investment, net inflows (% of GDP)",BX.KLT.DINV.WD.GD.ZS,Afghanistan,AFG,..,..,0.209664794672203,0.88400046336123,0.516606084523093,0.274796791572807,0.661572217787196,0.124495985291258,0.0649939571808755,0.215925454725649,..,..
"Foreign direct investment, net inflows (% of GDP)",BX.KLT.DINV.WD.GD.ZS,Albania,ALB,..,4.10877595525929,8.69303872198522,8.69053394301894,8.80509197849022,7.85544826704409,7.83109066598543,7.70621785587149,7.01865154485077,6.75790671297037,7.57934219388197,6.88397745384155
"Foreign direct investment, net inflows (% of GDP)",BX.KLT.DINV.WD.GD.ZS,Algeria,DZA,0.000539762481887008,0.0250043809818519,0.628688968391006,-0.286832290676438,0.906300705997461,0.647902696344899,0.753576088552125,0.713947308015691,0.693816014772842,0.466728479682941,0.106370751232434,0.490972610393285
"Foreign direct investment, net inflows (% of GDP)",BX.KLT.DINV.WD.GD.ZS,American Samoa,ASM,..,..,..,..,..,..,..,..,..,..,..,..
"Foreign direct investment, net inflows (% of GDP)",BX.KLT.DINV.WD.GD.ZS,Andorra,AND,..,..,..,..,..,..,..,..,..,..,..,..
"Foreign direct investment, net inflows (% of GDP)",BX.KLT.DINV.WD.GD.ZS,Angola,AGO,-2.98142869155218,9.62386615038711,2.69000564690096,11.0813390258994,-0.340242828705014,-10.0383767819736,-8.12589110876485,-5.78081314286635,-3.84826398729864,-6.54854227564072,-6.32056384328187,-2.49883975179815
"Foreign direct investment, net inflows (% of GDP)",BX.KLT.DINV.WD.GD.ZS,Antigua and Barbuda,ATG,12.661028882682,10.7161369957881,3.35524419080796,7.93074035994626,6.54040819952073,9.87959672634112,12.1775193572219,7.7612308574784,7.52795987912524,18.1006036013337,16.1547092931023,14.7852994263416
"Foreign direct investment, net inflows (% of GDP)",BX.KLT.DINV.WD.GD.ZS,Argentina,ARG,1.29887926251825,3.66579059535379,0.962406650325519,1.97713461784426,0.584748941173009,1.78936504083807,2.23253157689253,1.48500687570697,1.26616924308721,1.36838083162438,2.402155349277,3.69401868015696
"Foreign direct investment, net inflows (% of GDP)",BX.KLT.DINV.WD.GD.ZS,Armenia,ARM,..,5.45043315573561,3.50211415457343,1.74473701796819,3.16536727816995,2.19257337687685,2.14204783415544,0.736361516844353,0.463408850763634,2.64030281211345,4.99991586140552,2.40957864494139
"Foreign direct investment, net inflows (% of GDP)",BX.KLT.DINV.WD.GD.ZS,Aruba,ABW,17.063550036523,-6.8287271729666,7.46525460335853,-0.907264204095974,0.92339797912293,5.25337330818787,4.39982167334802,-2.21528256776249,6.4897764502147,4.5587150204386,7.56707186414171,2.50633128589153
"Foreign direct investment, net inflows (% of GDP)",BX.KLT.DINV.WD.GD.ZS,Australia,AUS,2.7158165321445,3.57859921888914,4.3047066438758,3.47020901785018,3.56056595221134,3.63608951454838,4.25033304779982,2.78196787472132,1.35325605506287,2.0246819461122,4.16149504206489,1.88080648094006
"Foreign direct investment, net inflows (% of GDP)",BX.KLT.DINV.WD.GD.ZS,Austria,AUT,1.02586449623723,2.80836204554254,0.389557041234778,-1.80409511056007,-7.23989904197038,3.38180275607348,-6.15119207172195,-2.85255617561831,-2.76332070661681,3.95409323796325,3.03143362679607,0.571627955399011
"Foreign direct investment, net inflows (% of GDP)",BX.KLT.DINV.WD.GD.ZS,Azerbaijan,AZE,..,2.46437455007312,5.88846176710651,7.62606837682972,11.8828171505465,7.01669598350389,2.97797589143235,3.12183056112494,1.18790387182911,-3.11473447263613,-5.67773710614177,0.349432505050587
"Foreign direct investment, net inflows (% of GDP)",BX.KLT.DINV.WD.GD.ZS,"Bahamas, The",BHS,-0.536955148452306,3.09850714482936,2.28973153898725,0.651786981982368,3.32393965491992,2.48913165410064,3.89515281813018,3.70483940313609,4.36424052342385,3.36940934585663,4.04154829632738,2.24888555337793
"Foreign direct investment, net inflows (% of GDP)",BX.KLT.DINV.WD.GD.ZS,Bahrain,BHR,1.90778894252364,4.01154558234919,4.36728984042949,0.199529633421541,0.718174283238518,3.83300891199591,4.18079308703848,2.32837980010521,2.84973228101032,4.35662597877562,4.18019089747336,14.8429848037894
"Foreign direct investment, net inflows (% of GDP)",BX.KLT.DINV.WD.GD.ZS,Bangladesh,BGD,0.0102498457488284,0.525362089236089,1.46870305074204,1.45078245529361,0.879528340272002,0.616341784631384,0.753549134128693,0.543244141585066,0.407859894856918,0.414118154040596,0.355308723531372,0.316668222065388
"Foreign direct investment, net inflows (% of GDP)",BX.KLT.DINV.WD.GD.ZS,Barbados,BRB,0.557283807402607,2.40879045285177,14.0456717994001,13.0203937978761,10.4581740534361,1.65808026519371,0.163492664420121,0.480777908770262,0.14511416707143,0.334854776948102,0.239719872945271,0.119034631519073
"Foreign direct investment, net inflows (% of GDP)",BX.KLT.DINV.WD.GD.ZS,Belarus,BLR,..,0.93273178742692,2.36256024522518,2.92676157012568,2.61275643208459,2.33219360612021,2.3762653793329,1.97686317571178,2.27009964534033,1.76640687852003,2.17745011943276,2.77230766294755
"Foreign direct investment, net inflows (% of GDP)",BX.KLT.DINV.WD.GD.ZS,Belgium,BEL,3.07523802972919,36.4714779710626,-2.82643623555084,-4.23261410354123,12.1319420227113,-7.44423790176632,-7.66649538713467,-1.97252997818916,-5.74235227142936,5.90607720952822,2.00105702528312,-0.430551198512578
"Foreign direct investment, net inflows (% of GDP)",BX.KLT.DINV.WD.GD.ZS,Belize,BLZ,3.14356209448963,2.59589533028945,6.59871532065521,2.6957535805453,1.46118252802431,1.40456318675313,5.32177682131067,3.93209570419852,3.7302206965863,5.18458586666605,4.9498706439243,0.522931689743192
"Foreign direct investment, net inflows (% of GDP)",BX.KLT.DINV.WD.GD.ZS,Benin,BEN,-0.150760018353931,-0.36349075931042,3.05420993262565,1.31501182120876,1.11488131010687,1.58170495079138,1.36073573349143,1.51620780935646,1.11183879764369,1.95581459686265,2.16063891256477,0.248809706723379
"Foreign direct investment, net inflows (% of GDP)",BX.KLT.DINV.WD.GD.ZS,Bermuda,BMU,..,0.39940015269154,-0.0534057831746824,-2.15032691390736,-1.06108315938513,-4.03383539732899,1.32046326053902,0.0591344675296509,6.91894747926827,0.681739688650698,0.263172619245323,0.263826964884484
"Foreign direct investment, net inflows (% of GDP)",BX.KLT.DINV.WD.GD.ZS,Bhutan,BTN,..,..,1.12656942714568,0.294858179489038,0.504099187714892,-0.638806366776017,0.102559426923707,0.475617042374335,-0.113401528935903,0.24498357545265,0.289904655199301,..
"Foreign direct investment, net inflows (% of GDP)",BX.KLT.DINV.WD.GD.ZS,Bolivia,BOL,0.558798940852009,8.76830997312938,1.9898248565868,1.68072787965335,0.988080149283549,1.89949328113362,0.750524780940684,-0.529735011404666,-3.08351648276169,1.44427761109044,0.0141722868400141,0.65069126050072
"Foreign direct investment, net inflows (% of GDP)",BX.KLT.DINV.WD.GD.ZS,Bosnia and Herzegovina,BIH,..,2.62359146003394,2.93590262269064,2.33529302949791,1.82975697484525,2.77975919041996,2.93781358415463,2.18661377542075,2.38939048355651,3.24230816818479,3.47041348895988,3.7622620799658
"Foreign direct investment, net inflows (% of GDP)",BX.KLT.DINV.WD.GD.ZS,Botswana,BWA,2.52965346277001,0.987700169396242,3.33019730942426,2.79773267452093,0.944944816734731,1.61796092921323,1.67893386448585,0.559653498041764,0.212513314006456,-1.70154533730106,3.49190816493543,3.43067994055575
"Foreign direct investment, net inflows (% of GDP)",BX.KLT.DINV.WD.GD.ZS,Brazil,BRA,0.212693158602162,5.03391680528314,3.57135266957477,3.59214931773371,4.13737803912088,3.33825981744108,4.07858821449124,3.69267321290613,2.59263795330717,2.77979084916568,3.8221961533297,2.95479345180782
"Foreign direct investment, net inflows (% of GDP)",BX.KLT.DINV.WD.GD.ZS,British Virgin Islands,VGB,..,..,..,..,..,..,..,..,..,..,..,..
"Foreign direct investment, net inflows (% of GDP)",BX.KLT.DINV.WD.GD.ZS,Brunei Darussalam,BRN,..,..,3.35660901431162,1.3247117972472,-1.32059047200933,3.85818821533147,3.80486552547671,2.77118008258428,4.71057564880466,1.46181722277193,-1.75293370882122,-0.33706803706167
"Foreign direct investment, net inflows (% of GDP)",BX.KLT.DINV.WD.GD.ZS,Bulgaria,BGR,0.0193872740170872,7.56080761987916,1.91330024420873,4.37178262709924,2.75817770359404,3.3844183495399,2.73024593526346,3.23647694746529,4.68157355237615,2.76635474460295,5.46200820001027,3.9628971861931
"Foreign direct investment, net inflows (% of GDP)",BX.KLT.DINV.WD.GD.ZS,Burkina Faso,BFA,-0.0177648038464388,0.00563069951076324,2.56255154786841,1.95992715697748,3.04380349897539,0.0182370342122821,1.68919942943091,1.0164787373679,-0.557279533533573,-0.405926078113797,3.55861030023451,0.0254581416466507
"Foreign direct investment, net inflows (% of GDP)",BX.KLT.DINV.WD.GD.ZS,Burundi,BDI,0.110894210226116,..,3.39007578489352,0.237127554757104,0.00209706466052342,8.11450183902605,0.249834167507515,1.1756059367353,0.801085827236617,0.806162274299769,0.757355122631358,1.29166901254169
"Foreign direct investment, net inflows (% of GDP)",BX.KLT.DINV.WD.GD.ZS,Cabo Verde,CPV,0.0823097605799339,6.34282422287077,8.84407322092194,5.49024513305668,6.82845115376404,5.59469672173513,4.69595735516195,5.45788753383782,3.71218490638334,4.45730500132353,5.43014451284015,6.26468857671852
"Foreign direct investment, net inflows (% of GDP)",BX.KLT.DINV.WD.GD.ZS,Cambodia,KHM,..,3.20257592365611,8.4090202030066,7.54029662001988,9.32318507305768,9.49760203098747,9.69240300027115,9.98500044202808,10.410239809326,9.4684591111041,8.94830125779537,9.35096701989758
"Foreign direct investment, net inflows (% of GDP)",BX.KLT.DINV.WD.GD.ZS,Cameroon,CMR,-0.916249104832404,1.51144473289682,1.99484327731063,2.15564021048479,1.96334943457327,2.25620975874553,1.91485781286221,2.58340602489157,1.65595614712353,2.14061326900657,2.08735032157122,-0.2214581867426
"Foreign direct investment, net inflows (% of GDP)",BX.KLT.DINV.WD.GD.ZS,Canada,CAN,1.40950377153528,9.17102428671511,3.55390337011002,3.85389453706153,2.23835012140903,1.53752071953934,2.46931207254863,2.80676687017653,1.75897085668576,2.94525148855338,2.31251652587337,2.22851105516488
"Foreign direct investment, net inflows (% of GDP)",BX.KLT.DINV.WD.GD.ZS,Cayman Islands,CYM,..,..,394.898959609935,1509.00209846042,54.6762793218219,48.5158818428982,3.13994477140781,18.1830873197548,121.579926185556,-13.3301037949463,-44.2307707770904,286.040067701696
"Foreign direct investment, net inflows (% of GDP)",BX.KLT.DINV.WD.GD.ZS,Central African Republic,CAF,0.048437878429039,..,..,..,..,..,..,..,..,..,..,..
"Foreign direct investment, net inflows (% of GDP)",BX.KLT.DINV.WD.GD.ZS,Chad,TCD,0.00344241393528055,..,..,..,..,..,..,..,..,..,..,..
"Foreign direct investment, net inflows (% of GDP)",BX.KLT.DINV.WD.GD.ZS,Channel Islands,CHI,..,..,..,..,..,..,..,..,..,..,..,..
"Foreign direct investment, net inflows (% of GDP)",BX.KLT.DINV.WD.GD.ZS,Chile,CHL,1.99530296496067,6.20376708215846,9.83500371391784,7.32780348720507,4.55707488144666,1.89647029832423,2.68461345207245,4.87956164130548,4.50610139661101,4.81019970676228,6.03627962411555,6.47859210208402
"Foreign direct investment, net inflows (% of GDP)",BX.KLT.DINV.WD.GD.ZS,China,CHN,0.966308310992784,3.47512590256774,2.55924761041391,2.19217773086009,1.55563699883085,1.34912369633213,1.69389428446517,1.31071593247948,1.72317554862906,1.93078622294539,1.06367352996528,0.240113517047499
"Foreign direct investment, net inflows (% of GDP)",BX.KLT.DINV.WD.GD.ZS,Colombia,COL,1.04506114042541,2.43950747934181,4.24107256687865,3.95939854860996,4.90164572903473,4.39318232765433,3.38083573220192,4.33058240931506,2.7588942895314,3.00175693787234,4.97568342327735,4.71659216929172
"Foreign direct investment, net inflows (% of GDP)",BX.KLT.DINV.WD.GD.ZS,Comoros,COM,0.0914764470199408,..,0.407499039358216,0.511029838634196,0.352458395658836,0.363776536091143,0.47715009243252,0.359894031144375,0.316385474955505,0.310531969004356,0.332281930531755,0.395802293004656
"Foreign direct investment, net inflows (% of GDP)",BX.KLT.DINV.WD.GD.ZS,"Congo, Dem. Rep.",COD,..,-0.00942998550592019,4.17602952858263,3.07434208974213,2.51078403634832,2.75644331422703,2.95904257934813,2.60931448015292,3.07507847506139,3.03220638870425,2.14185515804377,3.57809773175756
"Foreign direct investment, net inflows (% of GDP)",BX.KLT.DINV.WD.GD.ZS,"Congo, Rep.",COG,0.135524979118635,-3.04039258438044,16.1339951694307,34.4182561027248,0.46296936341342,0.379683994805171,0.0921548794436184,-10.214754646531,-17.2921171034228,-2.15982873741865,0.157485885506815,0.172079981336882
"Foreign direct investment, net inflows (% of GDP)",BX.KLT.DINV.WD.GD.ZS,Costa Rica,CRI,2.84504346292679,4.81846449896273,6.23293662208769,5.23639457671538,4.45296211770326,4.83327522078443,4.829438721344,4.22094016659811,3.3704352331304,5.53072986406839,5.30504327929944,5.4191807109794
"Foreign direct investment, net inflows (% of GDP)",BX.KLT.DINV.WD.GD.ZS,Cote d'Ivoire,CIV,..,0.0474875216744794,0.899528920528969,1.07914154751207,1.19375800859004,1.85673486381974,1.05998699614336,1.40583048179049,1.13111245703154,1.91282655892028,2.27881458136523,0.272461384464219
"Foreign direct investment, net inflows (% of GDP)",BX.KLT.DINV.WD.GD.ZS,Croatia,HRV,..,4.58593627511279,5.34746591045471,0.95805116174867,2.99014228580785,3.23999605818927,2.66911435553493,6.47277176941678,2.53910439982718,7.42706757670832,5.51610421858619,3.95990588027565
"Foreign direct investment, net inflows (% of GDP)",BX.KLT.DINV.WD.GD.ZS,Cuba,CUB,..,..,..,..,..,..,..,..,..,..,..,..
"Foreign direct investment, net inflows (% of GDP)",BX.KLT.DINV.WD.GD.ZS,Curacao,CUW,..,..,2.26501703647428,4.78739208551233,4.39991508248854,5.69261132752304,4.16644115185917,6.71586638933495,6.14534823380696,6.23857903403633,5.71077944316966,4.16291089883125
"Foreign direct investment, net inflows (% of GDP)",BX.KLT.DINV.WD.GD.ZS,Cyprus,CYP,2.26457722241848,8.56085877135346,222.763974755191,145.462489770288,40.425813022568,62.7831017066558,-4.31101809633516,201.684997312247,-101.833102140082,25.4301068406466,1.55020714842496,-26.3887486307429
"Foreign direct investment, net inflows (% of GDP)",BX.KLT.DINV.WD.GD.ZS,Czechia,CZE,..,8.02095314137194,3.83510153423089,0.898913491904098,5.47566421423918,5.07066240955503,3.30353998283407,4.18705737619005,3.39114066226469,4.430295245862,3.02937517288668,2.39661010400587
"Foreign direct investment, net inflows (% of GDP)",BX.KLT.DINV.WD.GD.ZS,Denmark,DNK,0.819103498829799,21.953462505758,1.86415567840611,0.61075067778712,2.49983169836595,1.08780490285887,2.46670057625106,-1.10067098319484,0.36387453868222,4.16214345185472,7.66793351091879,1.12428584664882
"Foreign direct investment, net inflows (% of GDP)",BX.KLT.DINV.WD.GD.ZS,Djibouti,DJI,..,0.596129445834392,6.90837061258158,5.93271216592948,6.1420623506391,5.97013597143086,5.83497309667245,5.66550040200762,4.96773973799916,4.92494796840667,5.09002871402003,3.34289205720876
"Foreign direct investment, net inflows (% of GDP)",BX.KLT.DINV.WD.GD.ZS,Dominica,DMA,6.39870554922223,5.2571268374394,2.37244944124224,1.32418828718005,7.33473669765782,4.34802553442194,14.1109143908535,10.3084171305166,4.52924732255777,5.1036226068351,2.90760170247585,3.16381510157796
"Foreign direct investment, net inflows (% of GDP)",BX.KLT.DINV.WD.GD.ZS,Dominican Republic,DOM,1.87738325230096,4.0689908919589,3.55061264323925,3.12977646262852,3.32357400838347,4.49748483387599,3.20786334506486,3.1809718229246,3.12082025025819,3.55430627298153,3.56710752156703,3.91167046059046
"Foreign direct investment, net inflows (% of GDP)",BX.KLT.DINV.WD.GD.ZS,Ecuador,ECU,0.826811116327478,-0.133637950998727,0.751953401658059,1.36067004574538,0.782395470866329,0.603861006341435,1.29260902532741,0.910242994868348,1.15396490277962,0.603682730215786,0.755059961772552,0.3222743146792
"Foreign direct investment, net inflows (% of GDP)",BX.KLT.DINV.WD.GD.ZS,"Egypt, Arab Rep.",EGY,1.70781419624217,1.23699720670391,1.50925042253521,2.10258128401326,2.43856278142762,2.98301550917695,3.10040077579187,2.82732944960686,1.52462948997172,1.20617861055665,2.39118080969079,2.48498433081233
"Foreign direct investment, net inflows (% of GDP)",BX.KLT.DINV.WD.GD.ZS,El Salvador,SLV,0.0394033306877826,1.47137092746017,2.2408951362935,2.10997804482034,1.98198031581358,2.01688451540263,1.58620478716365,2.59024369040438,1.55101998611343,2.7560499827498,0.0320261812840187,1.87595294047264
"Foreign direct investment, net inflows (% of GDP)",BX.KLT.DINV.WD.GD.ZS,Equatorial Guinea,GNQ,9.87677202149511,..,..,0.00960434037054116,0.246060584912422,-0.220254156914356,-1.59456987494094,1.4609579276168,0.166785393897472,1.84336491733884,-0.00502467793842411,..
"Foreign direct investment, net inflows (% of GDP)",BX.KLT.DINV.WD.GD.ZS,Eritrea,ERI,..,..,..,..,..,..,..,..,..,..,..,..
"Foreign direct investment, net inflows (% of GDP)",BX.KLT.DINV.WD.GD.ZS,Estonia,EST,..,7.31923766598522,6.58511618123406,-3.06910519292015,3.7692325610639,6.31892721219604,4.08015832167199,9.76819364646981,12.0147752855703,20.306394906414,4.89320122469428,12.9586916615566
"Foreign direct investment, net inflows (% of GDP)",BX.KLT.DINV.WD.GD.ZS,Eswatini,SWZ,2.70104296721309,5.21594427667844,0.606572389548649,0.812188702535935,0.72457277555219,-1.29908945994986,0.668118847458175,2.78511396914947,0.944713337169084,2.38229447630931,0.284327760848015,0.63320589692197
"Foreign direct investment, net inflows (% of GDP)",BX.KLT.DINV.WD.GD.ZS,Ethiopia,ETH,..,..,3.33569111068817,4.06648896536453,5.57620321707488,4.91270147677603,3.98771971634175,2.65736016138456,2.22538575066647,3.82830640829097,2.89493814042439,1.99328502900323
"Foreign direct investment, net inflows (% of GDP)",BX.KLT.DINV.WD.GD.ZS,Faroe Islands,FRO,..,..,..,..,..,..,..,..,..,..,..,..
"Foreign direct investment, net inflows (% of GDP)",BX.KLT.DINV.WD.GD.ZS,Fiji,FJI,-2.27272676116573,0.0352382457624236,7.77972451685243,4.38599231548017,7.94325934827292,7.24021289597938,8.40038118549297,5.91952095846727,5.40062180057239,9.52129033225818,2.0843448504953,0.532449872555414
"Foreign direct investment, net inflows (% of GDP)",BX.KLT.DINV.WD.GD.ZS,Finland,FIN,0.574192375289952,10.7186649142355,6.41537482088507,7.5380054292281,2.18951964860612,6.66136555422276,-3.84456657280518,6.09707710249334,-0.939114055968044,8.01406291677226,4.67298550552399,-0.0880162430168816
"Foreign direct investment, net inflows (% of GDP)",BX.KLT.DINV.WD.GD.ZS,France,FRA,1.0482480186712,3.04117027418416,0.176974174772525,1.76596182973896,1.44200321416196,1.68928072199317,2.78594184568695,1.96486943301562,0.731471704018579,3.30405312221271,3.91856445477022,0.288462113991059
"Foreign direct investment, net inflows (% of GDP)",BX.KLT.DINV.WD.GD.ZS,French Polynesia,PYF,..,0.105948992000511,1.00664512234416,0.488319553216919,1.11959443206211,0.264708321495121,0.618130259216984,0.343974592418758,-0.0540770857903291,0.213222666612979,0.100794866449377,..
"Foreign direct investment, net inflows (% of GDP)",BX.KLT.DINV.WD.GD.ZS,Gabon,GAB,1.23411082335865,5.4731252435535,6.93864724297156,0.289976985604188,0.323020211530558,-0.56069573776859,-0.373078272752687,-0.200179556365882,..,..,..,..
"Foreign direct investment, net inflows (% of GDP)",BX.KLT.DINV.WD.GD.ZS,"Gambia, The",GMB,..,..,1.87188357650441,5.22255647330922,4.70370236790454,4.27524164277035,4.89653501762191,3.9194379121789,10.4612755737217,12.5026201279669,10.4995860985808,8.69626742372764
"Foreign direct investment, net inflows (% of GDP)",BX.KLT.DINV.WD.GD.ZS,Georgia,GEO,..,4.29984428089904,10.2241873429056,11.3986492046024,10.746989399988,11.7183676491747,7.28401976586955,7.92523222582948,3.39837673139654,6.74295146360052,9.15328575552963,6.7766561454358
"Foreign direct investment, net inflows (% of GDP)",BX.KLT.DINV.WD.GD.ZS,Germany,DEU,0.143783444028002,12.6085323042305,0.437659919660916,1.82321441511708,1.64319555960592,2.89088052868023,4.00421026360441,1.90698688059703,4.48666571074036,2.34916528173016,1.5066061525701,0.431214646546679
"Foreign direct investment, net inflows (% of GDP)",BX.KLT.DINV.WD.GD.ZS,Ghana,GHA,..,3.32941946782064,6.13944071965129,6.46140120864513,6.20553326144238,5.38852778041725,4.44143121279629,5.67741697977102,2.67804103781027,3.18592251630377,1.92344065685952,1.72752227473656
"Foreign direct investment, net inflows (% of GDP)",BX.KLT.DINV.WD.GD.ZS,Gibraltar,GIB,..,..,..,..,..,..,..,..,..,..,..,..
"Foreign direct investment, net inflows (% of GDP)",BX.KLT.DINV.WD.GD.ZS,Greece,GRC,1.0411315622269,-0.00651674495547755,1.15314480305525,0.652184629866422,1.3975055397238,1.7162955046024,1.88723349665644,2.41172201156202,1.72637818314203,2.80914754352091,3.63119902887991,1.93926040548242
"Foreign direct investment, net inflows (% of GDP)",BX.KLT.DINV.WD.GD.ZS,Greenland,GRL,..,..,..,..,..,..,..,..,..,..,..,..
"Foreign direct investment, net inflows (% of GDP)",BX.KLT.DINV.WD.GD.ZS,Grenada,GRD,4.62931727452116,11.0547097235546,9.18674323761499,15.4731884681937,10.3063305270724,13.6164508332703,15.9441349586328,17.1914579813983,13.5399655457294,13.5574961877895,12.7582389697431,12.4411668607497
"Foreign direct investment, net inflows (% of GDP)",BX.KLT.DINV.WD.GD.ZS,Guam,GUM,..,..,..,..,..,..,..,..,..,..,..,..
"Foreign direct investment, net inflows (% of GDP)",BX.KLT.DINV.WD.GD.ZS,Guatemala,GTM,0.623513367892386,-4.08835554722306,2.4330214271829,1.93508800636056,1.28045871307284,1.39328983248607,1.25790048523713,1.51707101923107,1.29230389075701,4.19335494437948,1.5163284242494,1.51570449818146
"Foreign direct investment, net inflows (% of GDP)",BX.KLT.DINV.WD.GD.ZS,Guinea,GIN,0.459324256828018,0.227638091242679,-0.840221306496811,0.6057679818937,18.8280094343567,5.59427174638354,2.97511256265365,0.330286821832839,1.25171292113785,1.15770496278309,3.30630355394451,5.89195845855805
"Foreign direct investment, net inflows (% of GDP)",BX.KLT.DINV.WD.GD.ZS,Guinea-Bissau,GNB,..,..,2.54152912247103,1.61191900956541,1.92748272635559,1.06744396733032,1.32316927565873,4.51069669962484,1.27488563863737,0.999555441789303,1.20549376630065,0.0125696408217609
"Foreign direct investment, net inflows (% of GDP)",BX.KLT.DINV.WD.GD.ZS,Guyana,GUY,..,9.41532518977148,5.75992305097648,3.21740985101614,3.6284858008664,6.89409503910073,24.6552860335465,32.7649489760172,23.6596931392162,27.8124925693658,2.99020514705306,0.0402109394424989
"Foreign direct investment, net inflows (% of GDP)",BX.KLT.DINV.WD.GD.ZS,Haiti,HTI,-0.258373747832002,0.194464980712557,0.653599798370867,0.711667596569424,0.745596209929376,2.48360915333592,0.640093066153268,0.499464210439719,0.17231607778598,0.245715286669241,0.194598953085393,0.119128118516132
"Foreign direct investment, net inflows (% of GDP)",BX.KLT.DINV.WD.GD.ZS,Honduras,HND,0.883605842004661,4.8698431531529,8.62899693066623,6.27594328427603,5.28156973350556,4.10592046689605,5.9938612069111,3.83846408231678,1.0106822391556,2.84361329738545,2.41292398026651,3.15725537157699
"Foreign direct investment, net inflows (% of GDP)",BX.KLT.DINV.WD.GD.ZS,"Hong Kong SAR, China",HKG,3.18216388321519,41.0649470707168,44.550695708813,58.5183725103253,41.5318364506118,36.8375516616862,26.8255240590301,16.0571325877868,34.0497513548395,37.1838191639948,34.1272301908318,29.1769091330706
"Foreign direct investment, net inflows (% of GDP)",BX.KLT.DINV.WD.GD.ZS,Hungary,HUN,..,5.81915570397215,9.13264031619237,-4.36969676192795,54.0032415239678,-8.64479864186923,-40.2628801605692,59.9103508132077,106.427933097787,18.3888757177947,-1.1227943982934,-34.0103605718433
"Foreign direct investment, net inflows (% of GDP)",BX.KLT.DINV.WD.GD.ZS,Iceland,ISL,-0.0742523356404826,1.71910672335357,4.29141502345504,6.54080992846603,-5.12806396736361,-28.3072317012805,-2.37128033729888,-2.25459249123475,-4.06130543466877,1.80154545586606,4.85963418914523,2.19783677396124
"Foreign direct investment, net inflows (% of GDP)",BX.KLT.DINV.WD.GD.ZS,India,IND,0.00186928101406488,0.765211694280819,1.69565958990807,2.09211521443253,1.9373641224439,1.50731583255894,1.55821483801456,1.78482633957161,2.40620322673636,1.41217101040888,1.48921120524648,0.787065923393109
"Foreign direct investment, net inflows (% of GDP)",BX.KLT.DINV.WD.GD.ZS,Indonesia,IDN,1.02976494269192,-2.75743993350903,2.81997260419232,2.29761639372032,0.48737247137071,2.01948919810922,1.81428979355558,2.23336204275137,1.81058402024892,1.78785563147915,1.87267638101123,1.61073360160404
"Foreign direct investment, net inflows (% of GDP)",BX.KLT.DINV.WD.GD.ZS,"Iran, Islamic Rep.",IRN,0.0448638215511278,0.0355866340459482,0.000744562670031216,0.0292505942690925,0.0226803157059563,0.0154851353068994,0.0187026340574174,0.0254320122041021,0.0298986240207489,0.0212826408876571,0.0253573727513357,0.0214185973838395
"Foreign direct investment, net inflows (% of GDP)",BX.KLT.DINV.WD.GD.ZS,Iraq,IRQ,..,..,-4.45521124532956,-4.54159235443502,-3.75180911604806,-2.68799428357231,-2.14854834807913,-1.31640616709339,-1.58049696252586,-1.25770209772783,-0.728508762223113,-2.13819188029018
"Foreign direct investment, net inflows (% of GDP)",BX.KLT.DINV.WD.GD.ZS,Ireland,IRL,0.738017103168361,4.61911853814494,39.3211822791795,74.7451651859543,26.0995626363161,20.4067173013161,20.3765793364025,7.67631524338682,8.08332623981842,14.6286171122761,-6.48520600331755,-25.3851325549736
"Foreign direct investment, net inflows (% of GDP)",BX.KLT.DINV.WD.GD.ZS,Isle of Man,IMN,..,..,..,..,..,..,..,..,..,..,..,..
"Foreign direct investment, net inflows (% of GDP)",BX.KLT.DINV.WD.GD.ZS,Israel,ISR,0.243921318113444,5.90750487421649,1.92584755530832,3.74474780963478,3.73505723814348,4.72878459910617,5.73491198243006,4.34441479379109,5.09284559778962,3.86963031191442,4.38689176804983,2.9420314272807
"Foreign direct investment, net inflows (% of GDP)",BX.KLT.DINV.WD.GD.ZS,Italy,ITA,0.544008814945352,1.14581409094162,0.783743281747353,0.720886367724088,1.35957350873308,0.44334154868577,2.10769610409513,1.77066894209208,-0.893869914296467,1.14272563508111,2.98280776340516,1.8261985109804
"Foreign direct investment, net inflows (% of GDP)",BX.KLT.DINV.WD.GD.ZS,Jamaica,JAM,3.00291270335979,4.65960017463684,4.18835615982906,6.51900749449878,6.59210302967631,6.00199958467465,4.92423116374654,4.20330596139907,1.91929089144911,2.18644459751074,1.86419733640372,1.93851654600688
"Foreign direct investment, net inflows (% of GDP)",BX.KLT.DINV.WD.GD.ZS,Japan,JPN,1.59373585093941,0.215124715468568,0.403354543401037,0.118161987748241,0.818481615264516,0.381319638034274,0.501685482403774,0.780785313301259,1.23793178201869,0.695725961783807,1.12781929281189,0.47529744877888
"Foreign direct investment, net inflows (% of GDP)",BX.KLT.DINV.WD.GD.ZS,Jordan,JOR,0.904951524213932,10.7940053678297,5.91204890205889,4.1472022917494,3.89285142868971,4.87814133167977,2.20177686575576,1.63970565115644,1.73975978294192,1.34316062049226,2.56620402018028,1.65363674693672
"Foreign direct investment, net inflows (% of GDP)",BX.KLT.DINV.WD.GD.ZS,Kazakhstan,KAZ,..,7.49246609878753,3.3006311188168,3.56737402233377,12.5466202801439,2.85205738000704,0.196995426846668,2.05367649290766,4.21199990309163,2.31675874599247,2.25169814661934,2.07023805214823
"Foreign direct investment, net inflows (% of GDP)",BX.KLT.DINV.WD.GD.ZS,Kenya,KEN,0.6658738385081,0.872896453431281,1.20220842439577,0.883799936312692,0.627591266355583,1.64083690398643,0.832686217791619,0.468168547481475,-0.00536845439351621,0.382593996518954,0.691645983068062,0.674542879122223
"Foreign direct investment, net inflows (% of GDP)",BX.KLT.DINV.WD.GD.ZS,Kiribati,KIR,0.820468958480232,0.154784595590221,1.31418455279006,-0.427973965613021,0.875179383176674,0.352123254389004,-0.490061096299072,-0.257289476242624,1.17607128812236,0.356459005014343,1.57662839682739,1.83039388675597
"Foreign direct investment, net inflows (% of GDP)",BX.KLT.DINV.WD.GD.ZS,"Korea, Dem. People's Rep.",PRK,..,..,..,..,..,..,..,..,..,..,..,..
"Foreign direct investment, net inflows (% of GDP)",BX.KLT.DINV.WD.GD.ZS,"Korea, Rep.",KOR,0.368992954353942,1.99753761472691,0.624700011881538,0.279944815832785,0.80712561488255,1.10364025144874,0.706084799750036,0.58339386057331,0.533043337613518,1.21315499855807,1.49617378306838,0.886178381860919
"Foreign direct investment, net inflows (% of GDP)",BX.KLT.DINV.WD.GD.ZS,Kosovo,XKX,..,..,2.82551916539146,5.4536035105824,3.64804605378299,3.99449395658815,4.04306011456759,3.60874710724505,5.11361700903805,5.32143269338486,8.16857541246774,8.68016313950118
"Foreign direct investment, net inflows (% of GDP)",BX.KLT.DINV.WD.GD.ZS,Kuwait,KWT,-1.29804039794995,0.0432141499494194,0.298681408758089,0.248414926070954,0.266918369136558,0.0936402095122605,-0.0154187787947738,0.366059041808318,-0.502546857831841,-0.183441066188652,0.408967286300289,1.2917167523383
"Foreign direct investment, net inflows (% of GDP)",BX.KLT.DINV.WD.GD.ZS,Kyrgyz Republic,KGZ,..,-0.172311073962181,4.59301012553734,17.1312307587207,9.08868385870298,-1.39184288798722,1.74369178553725,4.3096066288398,-4.85484703138399,2.44569276771409,0.451992680624909,0.0107237625262552
"Foreign direct investment, net inflows (% of GDP)",BX.KLT.DINV.WD.GD.ZS,Lao PDR,LAO,0.693192942833295,1.95760389973722,6.53385086120159,7.47075777292731,5.87774436155716,9.91778683507173,7.4856486219066,4.03149139231071,5.09807193491087,5.69344695957329,4.69509225789708,11.2425630959408
"Foreign direct investment, net inflows (% of GDP)",BX.KLT.DINV.WD.GD.ZS,Latvia,LVA,..,4.17696567652599,3.45179531513635,3.08543258338884,1.23693505180815,4.04880019492546,1.32076900628522,3.37100266711483,2.81413557812427,9.77889955337523,3.20205546190368,3.99799833869667
"Foreign direct investment, net inflows (% of GDP)",BX.KLT.DINV.WD.GD.ZS,Lebanon,LBN,-0.562775494955561,0.799079285165258,5.95175528625723,4.32469174487594,5.02174040562454,4.756779140202,4.84140308956364,3.69413245000342,5.06712986613403,2.5929006838647,2.50966160641735,..
"Foreign direct investment, net inflows (% of GDP)",BX.KLT.DINV.WD.GD.ZS,Lesotho,LSO,2.7629817121148,3.6520040172883,3.86963158626919,4.79809498524625,3.74733057423783,1.82806703586765,1.59898739288565,1.49464839144428,1.36347415366235,-0.512915646009301,-0.332107076234691,-1.21096656487522
"Foreign direct investment, net inflows (% of GDP)",BX.KLT.DINV.WD.GD.ZS,Liberia,LBR,1.5455254942768,89.2330160183066,15.558740639735,7.21023781604438,9.17190332597172,7.30948578439654,3.77268493884788,2.61121194879185,23.2348425992286,15.2455268718098,23.9985301015667,2.06067995283019
"Foreign direct investment, net inflows (% of GDP)",BX.KLT.DINV.WD.GD.ZS,Libya,LBY,0.549785825956794,0.368425619834711,0.134210978798833,0.81038433682424,0.881550228975074,0.163794182814239,0.359306383207848,0.543647010925689,-1.03981950726197,1.71219284038518,0.115616832891349,-0.364071413096142
"Foreign direct investment, net inflows (% of GDP)",BX.KLT.DINV.WD.GD.ZS,Liechtenstein,LIE,..,799.33394273342,140.293444143294,1282.60722939224,972.693538598386,602.374526148965,-1303.10826691135,..,..,..,..,..
"Foreign direct investment, net inflows (% of GDP)",BX.KLT.DINV.WD.GD.ZS,Lithuania,LTU,..,3.29220428777652,0.739699359398686,2.49622116332616,2.7403147410033,2.89745572307538,2.39550085067311,6.23035300556358,7.94344900363669,3.74064234382321,3.40588108209325,4.80150438624708
"Foreign direct investment, net inflows (% of GDP)",BX.KLT.DINV.WD.GD.ZS,Luxembourg,LUX,..,..,63.1069462039856,53.1356881901997,-1.99437877885646,22.8557855660981,30.7845247034535,252.920356064947,200.831508487808,60.9625248334477,-360.352806534785,-27.6120210823287
"Foreign direct investment, net inflows (% of GDP)",BX.KLT.DINV.WD.GD.ZS,"Macao SAR, China",MAC,..,..,4.41549276697999,1.07999340226639,4.12503965729769,3.37608502461293,3.13426157065493,11.784127030041,-24.5284853077043,18.3187112431918,11.7281043073078,1.15436134148208
"Foreign direct investment, net inflows (% of GDP)",BX.KLT.DINV.WD.GD.ZS,Madagascar,MDG,0.569459513554867,1.79192376325453,2.97751123297568,2.89727727453158,4.56460803171495,3.52797151000057,4.44792798727993,3.36279830994654,2.74657132352468,2.45649402526377,3.09123179157013,0.755308705747024
"Foreign direct investment, net inflows (% of GDP)",BX.KLT.DINV.WD.GD.ZS,Malawi,MWI,..,1.02470810251001,6.79541385727368,3.12107477506801,1.46272973143861,1.0085487596618,0.77953740924782,0.499715013992528,2.14268264715469,1.0461764992773,1.59888613227793,1.59888615393634
"Foreign direct investment, net inflows (% of GDP)",BX.KLT.DINV.WD.GD.ZS,Malaysia,MYS,5.29807441993266,4.03842862393764,3.14122940365348,3.27094402931735,4.47130958598651,2.93582038058561,2.31458721219734,2.50697705748044,1.20275464255821,5.41625984914692,3.68689336269238,1.98111049295111
"Foreign direct investment, net inflows (% of GDP)",BX.KLT.DINV.WD.GD.ZS,Maldives,MDV,2.60411859208412,3.57378188906309,9.01659145068896,7.21577938190819,10.3547618700189,9.50514529202919,10.6517647807373,16.7834728448357,11.8706880719155,12.238665987932,11.8538627115723,11.5540645912499
"Foreign direct investment, net inflows (% of GDP)",BX.KLT.DINV.WD.GD.ZS,Mali,MLI,0.213642953472865,2.03720849674799,1.00393639033286,2.10248370810902,2.5415326068365,3.64934228961459,2.73738513064307,4.97152245435128,3.07380326420401,3.31414782752808,3.809679019826,0.11238399400407
"Foreign direct investment, net inflows (% of GDP)",BX.KLT.DINV.WD.GD.ZS,Malta,MLT,1.17848185469097,18.4102128023528,1.31122389888756,32.1027329502695,23.0840199411253,299.824941014866,452.221039539527,198.19959042815,192.141318771847,433.860897111274,126.275787596203,112.62636977735
"Foreign direct investment, net inflows (% of GDP)",BX.KLT.DINV.WD.GD.ZS,Marshall Islands,MHL,..,..,4.86434681611556,-2.9361124111434,-1.51429506881848,2.73069605974974,4.43275061931595,2.21765571320359,1.25933048526425,0.192903995113624,..,..
"Foreign direct investment, net inflows (% of GDP)",BX.KLT.DINV.WD.GD.ZS,Mauritania,MRT,0.44702077877301,..,7.62361704174834,8.13584950372229,4.23731114711712,8.65007999188082,..,-11.1917343784634,11.2328299227716,11.6047527792443,14.6644208551054,7.96446557967185
"Foreign direct investment, net inflows (% of GDP)",BX.KLT.DINV.WD.GD.ZS,Mauritius,MUS,1.52610550240963,5.62071802958226,1.07943343471079,0.830026769744332,0.224660637864512,0.650665403509344,0.667856207545291,0.39972037303759,0.141019546720634,0.745135236304542,0.285717274004848,0.110421063160848
"Foreign direct investment, net inflows (% of GDP)",BX.KLT.DINV.WD.GD.ZS,Mexico,MEX,1.00821547984529,2.47719212505446,2.08414170795053,2.9877285892693,3.49742228795392,2.78104162434828,3.01338710818482,2.29631050141129,2.81198503990055,2.68924749800633,2.67089845651245,1.68798486596763
"Foreign direct investment, net inflows (% of GDP)",BX.KLT.DINV.WD.GD.ZS,"Micronesia, Fed. Sts.",FSM,..,..,6.32982242056283,..,..,..,..,..,..,..,..,..
"Foreign direct investment, net inflows (% of GDP)",BX.KLT.DINV.WD.GD.ZS,Moldova,MDA,..,9.89887383909094,3.67896919655633,2.89663554883048,1.09561343852844,1.5715119911375,2.75177990255296,4.44218297010915,1.35047634241375,2.8200678267721,4.03859534264597,2.15968663127415
"Foreign direct investment, net inflows (% of GDP)",BX.KLT.DINV.WD.GD.ZS,Monaco,MCO,..,..,..,..,..,..,..,..,..,..,..,..
"Foreign direct investment, net inflows (% of GDP)",BX.KLT.DINV.WD.GD.ZS,Mongolia,MNG,..,4.72312279765318,2.76258833570521,0.811709460633853,-37.1726532341221,13.0160280600797,14.8088797144774,17.1989395200126,12.9130799939654,14.2177319422671,14.6053065112102,11.0581069914836
"Foreign direct investment, net inflows (% of GDP)",BX.KLT.DINV.WD.GD.ZS,Montenegro,MNE,..,..,10.8186630053694,17.2602289657156,5.17948370092294,11.5444030591496,8.8189254000302,7.53492922355211,11.1300494820964,11.8356969374313,14.0062013047765,6.98310120786314
"Foreign direct investment, net inflows (% of GDP)",BX.KLT.DINV.WD.GD.ZS,Morocco,MAR,0.547127982880134,0.991581858750167,2.95925435484489,2.94611108390154,1.93000540251056,2.26092196120538,2.78337936840164,1.33479789567415,1.16907334587558,1.59422321445366,1.75205980018911,0.758899868035705
"Foreign direct investment, net inflows (% of GDP)",BX.KLT.DINV.WD.GD.ZS,Mozambique,MOZ,..,..,27.8047100445849,23.8654900431928,25.9187724637849,17.4831119319856,11.1741431838994,21.7841914901932,22.3944370320026,32.7522138534006,16.0042947069706,12.8065189015033
"Foreign direct investment, net inflows (% of GDP)",BX.KLT.DINV.WD.GD.ZS,Myanmar,MMR,7.61843109398624,2.86117768008645,3.31904421407349,6.85124098711179,5.17880132517466,7.27335555212816,2.60563229851106,2.31211211194364,..,..,..,..
"Foreign direct investment, net inflows (% of GDP)",BX.KLT.DINV.WD.GD.ZS,Namibia,NAM,1.0597882763136,5.00609742133941,3.58316691192794,7.40068055968424,3.34570437311556,2.17505730200543,1.71299808328534,-1.40710628631612,-1.41889955275348,6.77514897706551,8.40312508783681,18.5764029793509
"Foreign direct investment, net inflows (% of GDP)",BX.KLT.DINV.WD.GD.ZS,Nauru,NRU,..,..,..,..,..,..,..,..,..,..,..,..
"Foreign direct investment, net inflows (% of GDP)",BX.KLT.DINV.WD.GD.ZS,Nepal,NPL,0,-0.00882425294523833,0.133746236524448,0.213029527712984,0.432212944008619,0.677439884182994,0.206157201926214,0.542801979747667,0.378739091402959,0.531690906776235,0.160405404733411,0.18290153966947
"Foreign direct investment, net inflows (% of GDP)",BX.KLT.DINV.WD.GD.ZS,Netherlands,NLD,3.348708621698,15.1107005401962,15.8698220389322,48.5010592798915,34.567786396249,23.5201922487149,-30.7775269483508,-13.6740358407126,-23.7095109882189,-10.9532599562774,1.48704290039353,-26.7686982770768
"Foreign direct investment, net inflows (% of GDP)",BX.KLT.DINV.WD.GD.ZS,New Caledonia,NCL,..,0.0507933837793682,16.5212034418212,13.777379969742,9.28207619845752,0.855860620776699,0.970799965946994,0.804257409006776,0.579595955462545,0.297933057648744,0.592336611397022,..
"Foreign direct investment, net inflows (% of GDP)",BX.KLT.DINV.WD.GD.ZS,New Zealand,NZL,5.19414537762949,-2.86529455631185,1.61498117078239,-0.0411965511529337,1.06306527916356,1.15702745303345,1.18788282463888,1.36988342750905,1.94413144980927,1.78987576941341,3.3802437002905,1.42441955625905
"Foreign direct investment, net inflows (% of GDP)",BX.KLT.DINV.WD.GD.ZS,Nicaragua,NIC,..,5.21568567857809,9.0636420251779,7.58033892255275,7.44462196225434,7.51055920340726,6.43059423896903,3.9609327954937,5.88649547253758,8.62623551092448,8.26714699998342,6.89934906211618
"Foreign direct investment, net inflows (% of GDP)",BX.KLT.DINV.WD.GD.ZS,Niger,NER,1.16188482395643,0.703342920154778,7.57591181433668,5.46761764113717,2.89774478323805,3.02823024727599,3.63037399478134,5.56378872795104,2.62395545283651,3.98812628006034,6.25881415979847,0.240141273261695
"Foreign direct investment, net inflows (% of GDP)",BX.KLT.DINV.WD.GD.ZS,Nigeria,NGA,1.08795098954185,1.64832098964767,0.817478467870197,0.621501637000126,0.853395742751916,0.64218292233626,0.183821495682229,0.485777628049364,0.55189350883869,0.751578312174957,-0.0391267487603444,0.514645981301694
"Foreign direct investment, net inflows (% of GDP)",BX.KLT.DINV.WD.GD.ZS,North Macedonia,MKD,..,5.76504706871211,0.535807905351314,2.94702779153329,5.14755489783813,3.36726558000357,5.11494867914757,4.35892493383855,0.0622421869397704,4.97315294989199,6.13067578989693,4.06949842712956
"Foreign direct investment, net inflows (% of GDP)",BX.KLT.DINV.WD.GD.ZS,Northern Mariana Islands,MNP,..,..,..,..,..,..,..,..,..,..,..,..
"Foreign direct investment, net inflows (% of GDP)",BX.KLT.DINV.WD.GD.ZS,Norway,NOR,0.836440149854176,4.85955800743045,0.646203788277676,1.87399423252337,-5.03254975124346,1.46874278067631,-1.28796404191649,3.99513402641074,-1.11596503409555,2.81683452885051,2.42127009824237,2.20906699529341
"Foreign direct investment, net inflows (% of GDP)",BX.KLT.DINV.WD.GD.ZS,Oman,OMN,1.06881863300637,0.368381081460018,1.3876575353227,-2.76001757846704,3.01624952400734,3.56005583896762,6.12067985447931,2.26908923371353,2.5154862405438,10.015189421015,6.21991338772931,11.4776589591231
"Foreign direct investment, net inflows (% of GDP)",BX.KLT.DINV.WD.GD.ZS,Pakistan,PAK,0.612997661913938,0.309595026317044,0.695308116834202,0.557734356032139,0.821349998064174,0.735837049658425,0.487745750658143,0.696146480411465,0.684695289874347,0.616039439073827,0.389980753542853,0.606074413843099
"Foreign direct investment, net inflows (% of GDP)",BX.KLT.DINV.WD.GD.ZS,Palau,PLW,-1.02351732691501,..,16.3927832265937,12.4031866866873,21.6747926328298,16.7149859943978,17.4148839424698,15.8586054512626,16.6415149570321,13.3364209587554,28.1754765975043,..
"Foreign direct investment, net inflows (% of GDP)",BX.KLT.DINV.WD.GD.ZS,Panama,PAN,2.10601018003356,6.9176468268032,9.69216526905834,9.17966898468326,8.78226077131318,6.34573158944271,7.44442828256868,6.00846150660602,-4.36146309944945,2.00694464106517,3.92922448045916,2.79271534651162
"Foreign direct investment, net inflows (% of GDP)",BX.KLT.DINV.WD.GD.ZS,Papua New Guinea,PNG,4.8269122747966,2.74030313917345,0.126824295087963,0.138228028178879,-0.188417025477419,-0.788236305745218,1.27185526445477,1.35581279335553,0.473794497063578,-0.131822921340584,3.77051759671847,0.268723864614409
"Foreign direct investment, net inflows (% of GDP)",BX.KLT.DINV.WD.GD.ZS,Paraguay,PRY,1.32309849875687,1.21729436901028,2.23548137353442,1.77457716473578,2.0909015427686,1.50426535522967,0.564276591739946,1.07942153674295,0.560091568099886,0.765490446184674,1.60188029306692,0.560375887124917
"Foreign direct investment, net inflows (% of GDP)",BX.KLT.DINV.WD.GD.ZS,Peru,PER,0.15524195104656,1.56479019339424,2.12302965027806,3.86551316954964,3.54628188735842,3.5133314939664,2.63824619479376,2.09128983397663,0.329387076302566,3.15535335133475,4.54440029182456,1.46420245513219
"Foreign direct investment, net inflows (% of GDP)",BX.KLT.DINV.WD.GD.ZS,Philippines,PHL,1.04933276347518,1.77722452873062,1.92937522797834,1.84018010715303,2.59850803497646,3.12238778408668,2.86833826073638,2.30117498594757,1.88586363211171,3.04078855310047,2.3475097233369,2.08541079990247
"Foreign direct investment, net inflows (% of GDP)",BX.KLT.DINV.WD.GD.ZS,Poland,POL,0.13489396412259,5.39740366105294,3.85089176515991,3.29546177974363,3.81608753667806,2.37812836572029,3.34803923662527,3.15455649244208,3.31499059495462,5.44306737738578,6.00626096603428,4.24072792984725
"Foreign direct investment, net inflows (% of GDP)",BX.KLT.DINV.WD.GD.ZS,Portugal,PRT,3.3157901460563,6.14861920837231,5.23551856283017,0.6380745862791,3.56501050349716,4.83731761644887,3.240940463269,4.29794091554859,1.73847041272099,3.06611456095761,3.71003929656135,3.35726106492717
"Foreign direct investment, net inflows (% of GDP)",BX.KLT.DINV.WD.GD.ZS,Puerto Rico,PRI,..,..,..,..,..,..,..,..,..,..,..,..
"Foreign direct investment, net inflows (% of GDP)",BX.KLT.DINV.WD.GD.ZS,Qatar,QAT,0.0269379297353301,0.0999438053398509,0.504491036758769,0.662099304441699,0.510044137883475,0.612038723345893,-1.19249695201383,-1.59472537646872,-1.68550858996211,-0.60835384643765,0.0322850616411601,-0.222614821685568
"Foreign direct investment, net inflows (% of GDP)",BX.KLT.DINV.WD.GD.ZS,Romania,ROU,0.0470614290709873,2.78361317174685,1.9372882717301,2.42725822119065,3.37417569649644,2.83273074460251,3.01622370394842,2.92654448293784,1.42933934913704,4.09599109735679,3.87290125410084,2.48272341305168
"Foreign direct investment, net inflows (% of GDP)",BX.KLT.DINV.WD.GD.ZS,Russian Federation,RUS,..,1.03116111575235,1.0698764102333,0.502607961400285,2.54849998807899,1.81409297475419,0.530060790633169,1.88851731564914,0.634851184443604,2.1943240262796,-1.7564179452356,-0.496932674066668
"Foreign direct investment, net inflows (% of GDP)",BX.KLT.DINV.WD.GD.ZS,Rwanda,RWA,..,..,3.81112339040553,1.89710182769374,3.21723481355607,2.96153568403504,3.79950132946829,2.54289976673387,1.49998339295376,1.91427189862496,2.29121490634389,3.25701484715924
"Foreign direct investment, net inflows (% of GDP)",BX.KLT.DINV.WD.GD.ZS,Samoa,WSM,..,..,2.86810154101309,3.26002743040369,0.298684612802242,1.04146807605773,1.90261035583233,-0.238656491573745,0.509390076919905,1.0603950693965,0.576323080112091,0.255376458535088
"Foreign direct investment, net inflows (% of GDP)",BX.KLT.DINV.WD.GD.ZS,San Marino,SMR,..,..,..,..,..,..,..,..,..,..,..,..
"Foreign direct investment, net inflows (% of GDP)",BX.KLT.DINV.WD.GD.ZS,Sao Tome and Principe,STP,..,4.98698169293887,9.03727468460171,10.7400374911446,7.98279155418218,10.6236604862763,6.17598418618007,5.85791781434654,9.99771582880853,11.250926099997,23.436015111899,-0.537224964834975
"Foreign direct investment, net inflows (% of GDP)",BX.KLT.DINV.WD.GD.ZS,Saudi Arabia,SAU,1.5823604411403,-0.992569099216106,0.196849926790283,0.593089977213509,3.29652160509851,0.14182798116075,1.43413129202231,0.367200871217531,0.220799099220468,2.64391059965146,2.53074190231041,1.15391858079076
"Foreign direct investment, net inflows (% of GDP)",BX.KLT.DINV.WD.GD.ZS,Senegal,SEN,0.769765877822533,1.35774452423375,2.03613121185768,2.30194934655845,2.48110320660753,2.80185380597297,3.66765809010971,4.55247618583037,7.52395708111688,9.40426190185874,0.253824628077479,0.296066888775402
"Foreign direct investment, net inflows (% of GDP)",BX.KLT.DINV.WD.GD.ZS,Serbia,SRB,..,..,4.07119376860245,5.67381755834409,5.57770746372387,6.29636171721259,7.71374568954874,7.92487427143519,6.23865408002073,6.95312089132575,6.90481580907468,6.01371996085662
"Foreign direct investment, net inflows (% of GDP)",BX.KLT.DINV.WD.GD.ZS,Seychelles,SYC,5.16108614231277,3.71851665514147,7.80896304548278,7.39272196242009,4.35742188671967,11.7771697387857,17.1030662941746,13.7575701960234,5.79027015191072,7.52808883301193,9.22401812517098,11.1936433278933
"Foreign direct investment, net inflows (% of GDP)",BX.KLT.DINV.WD.GD.ZS,Sierra Leone,SLE,4.99268177574488,6.13349349626253,4.78097918361939,3.79509914705384,2.29221040162238,7.11052458905957,3.9190278992016,5.24865375257823,2.5819949433746,2.96277517836136,4.12930049684053,3.14729674118523
"Foreign direct investment, net inflows (% of GDP)",BX.KLT.DINV.WD.GD.ZS,Singapore,SGP,15.4235472379856,16.148890451527,21.8184880782679,22.6541826890492,20.4865236102582,29.7636517525701,21.7592915016982,28.0949935764636,23.1003005183608,31.6207400179128,29.8437975950876,34.9485153079274
"Foreign direct investment, net inflows (% of GDP)",BX.KLT.DINV.WD.GD.ZS,Sint Maarten (Dutch part),SXM,..,..,3.50338478659669,1.95861278993458,2.91188308245256,4.74783634858124,-3.80519905244473,5.24677633401135,1.79286284699262,1.98179684518215,1.11128384508943,2.78092268314799
"Foreign direct investment, net inflows (% of GDP)",BX.KLT.DINV.WD.GD.ZS,Slovak Republic,SVK,..,7.47241104252045,-0.356803047431847,1.70487122540291,5.27770700739813,4.39986424621102,2.11269531583982,2.15394548631738,-1.05975666677956,2.25526375759947,4.16384241518814,-0.246592870705797
"Foreign direct investment, net inflows (% of GDP)",BX.KLT.DINV.WD.GD.ZS,Slovenia,SVN,..,0.673638153483466,2.05875310395563,4.05096848349793,3.26541395278807,2.4842141360232,2.86489909951597,3.99098612082388,0.948340847721796,3.60681571306541,3.63837227783815,2.09351642254274
"Foreign direct investment, net inflows (% of GDP)",BX.KLT.DINV.WD.GD.ZS,Solomon Islands,SLB,4.85848679417669,0.4774050887851,1.57401016882555,2.46368108921112,2.70705945922304,2.91769581574238,1.54706752007295,2.02495081496878,0.584582977675926,1.83340987016897,2.59958214293394,4.8303740335365
"Foreign direct investment, net inflows (% of GDP)",BX.KLT.DINV.WD.GD.ZS,Somalia,SOM,..,..,..,..,..,..,..,..,..,..,..,..
"Foreign direct investment, net inflows (% of GDP)",BX.KLT.DINV.WD.GD.ZS,South Africa,ZAF,-0.0600742002495874,0.638427514423677,1.5193274375398,0.438735792056359,0.684612553455795,0.539673956759456,1.37429117153459,1.31407752293306,0.933073684352394,9.66026533638012,2.27046857469366,0.904212789791453
"Foreign direct investment, net inflows (% of GDP)",BX.KLT.DINV.WD.GD.ZS,South Sudan,SSD,..,..,0.00741877910985015,0.0012502291294692,..,..,..,..,..,..,..,..
"Foreign direct investment, net inflows (% of GDP)",BX.KLT.DINV.WD.GD.ZS,Spain,ESP,2.60802970996433,6.77304093540067,2.31642230011086,1.97131692755332,3.61722479660389,2.54039212306224,4.46748509754483,2.16052375036307,2.92165980781024,4.42272902452136,4.52740675341745,2.6512753496567
"Foreign direct investment, net inflows (% of GDP)",BX.KLT.DINV.WD.GD.ZS,Sri Lanka,LKA,0.539742838707762,1.05898829001768,1.08281211166124,0.798271103654762,1.0192320360306,1.45452189573742,1.7080938570071,0.835214752952834,0.514891499955331,0.668428487135165,1.19246347205259,0.843827246415055
"Foreign direct investment, net inflows (% of GDP)",BX.KLT.DINV.WD.GD.ZS,St. Kitts and Nevis,KNA,22.454824411865,20.4345179371461,16.4538142978876,13.4009221497806,12.05929800465,4.54372051660149,3.72038791606603,5.63784923622053,0.321150776223435,2.78723268868289,4.41453480561237,3.04733572938978
"Foreign direct investment, net inflows (% of GDP)",BX.KLT.DINV.WD.GD.ZS,St. Lucia,LCA,7.72651757188499,10.3032379060764,3.84517869828729,8.42208899500734,8.64909074308291,4.5004062388043,2.20878306221728,3.6036587546418,6.61213430091381,5.83204676274517,1.40729818348537,5.70836972292498
"Foreign direct investment, net inflows (% of GDP)",BX.KLT.DINV.WD.GD.ZS,St. Martin (French part),MAF,..,..,..,..,..,..,..,..,..,..,..,..
"Foreign direct investment, net inflows (% of GDP)",BX.KLT.DINV.WD.GD.ZS,St. Vincent and the Grenadines,VCT,3.18957148800444,12.6913900432479,16.1399244753357,15.7495814618355,8.66074512206484,19.5953970726633,4.52412383276845,7.55828893565454,7.50701257256,18.6712623378309,7.29137269929834,7.63896383030472
"Foreign direct investment, net inflows (% of GDP)",BX.KLT.DINV.WD.GD.ZS,Sudan,SDN,..,3.19972610023634,2.52698516017578,3.34135261447755,2.49532759301928,2.58043876395005,3.51269523880448,2.55226968828806,2.65193447042229,1.52754029838982,1.11000421594226,..
"Foreign direct investment, net inflows (% of GDP)",BX.KLT.DINV.WD.GD.ZS,Suriname,SUR,..,..,-1.13866864622319,3.58285872355072,6.98334038383413,2.67494793416759,3.27713336345246,2.09560541663346,0.0357132024302943,-4.26991302669251,-0.245419018781694,-1.53673089135924
"Foreign direct investment, net inflows (% of GDP)",BX.KLT.DINV.WD.GD.ZS,Sweden,SWE,0.758185613032908,8.67911210694387,-1.04543478042344,1.94889442525099,3.00853908060468,4.53384406821975,-0.129536947454264,2.98447516897391,3.39683456902909,8.60639736102337,8.26690116179806,3.93207943060227
"Foreign direct investment, net inflows (% of GDP)",BX.KLT.DINV.WD.GD.ZS,Switzerland,CHE,2.08636429216894,8.26631602875868,2.89084632358215,17.1083833328203,24.2480735008832,20.6035378169251,-22.1051198346507,1.21642491474438,-32.546976043457,-14.4091790381318,-1.34268979434697,-5.94811440796524
"Foreign direct investment, net inflows (% of GDP)",BX.KLT.DINV.WD.GD.ZS,Syrian Arab Republic,SYR,0,1.42577626259779,..,..,..,..,..,..,..,..,..,..
"Foreign direct investment, net inflows (% of GDP)",BX.KLT.DINV.WD.GD.ZS,Tajikistan,TJK,..,..,3.58397838530001,5.48892076080458,3.45540459636672,2.46572647891725,2.84433010113639,2.56372135277231,1.30975252279445,0.94025522151091,1.62432287476597,1.16561210230591
"Foreign direct investment, net inflows (% of GDP)",BX.KLT.DINV.WD.GD.ZS,Tanzania,TZA,..,3.46551698028756,2.8329281892962,3.17633492826527,1.73591210997565,1.76011643802415,1.70440979499363,1.99459353959394,1.42845965174632,1.68494347865961,1.89728870685569,2.05791176136691
"Foreign direct investment, net inflows (% of GDP)",BX.KLT.DINV.WD.GD.ZS,Thailand,THA,2.86320410852028,2.66312868727133,1.22145318013998,2.22468548959784,0.843364340718618,1.81550260101987,2.71279835138662,1.01734877580041,-0.857989527274493,3.03988153625607,2.39179594101395,1.26532850050476
"Foreign direct investment, net inflows (% of GDP)",BX.KLT.DINV.WD.GD.ZS,Timor-Leste,TLS,..,..,2.3422913323763,2.70363930330864,0.33397246121617,0.42375096203898,3.08007812980224,-11.7583732762401,-32.9552316203759,-11.5599443805058,-12.3226387355665,-2.4090238932745
"Foreign direct investment, net inflows (% of GDP)",BX.KLT.DINV.WD.GD.ZS,Togo,TGO,0.793141303389092,2.50698256954936,0.844949995329151,4.48026726059495,-0.762757825955816,1.38645438370373,-2.57454803370382,4.94369187810029,-0.800061438966794,-0.850362001048572,-0.664254219126751,-0.657746132084879
"Foreign direct investment, net inflows (% of GDP)",BX.KLT.DINV.WD.GD.ZS,Tonga,TON,0.0876347967566224,5.27446457966326,3.00261120308576,3.37347770551725,3.95057713292273,-3.40708330022211,4.73966117900738,-1.23601851661012,0.769728580229096,0.0498791191155837,0.561880376085847,..
"Foreign direct investment, net inflows (% of GDP)",BX.KLT.DINV.WD.GD.ZS,Trinidad and Tobago,TTO,2.15887459956358,8.33298414855164,2.22715585433186,0.654276749037623,-0.0994752023912512,-1.95872894512088,-2.84984479909314,0.773786178680069,5.07489211641876,-3.81599706500902,-3.0395904935468,-5.68266131818445
"Foreign direct investment, net inflows (% of GDP)",BX.KLT.DINV.WD.GD.ZS,Tunisia,TUN,0.629908672190098,3.49602747137556,2.03842746868015,2.11999260597179,1.40344558640993,1.9233125677007,2.32248034984414,1.94487649950903,1.46634304906862,1.16937529005457,1.44283667390745,1.4982279040319
"Foreign direct investment, net inflows (% of GDP)",BX.KLT.DINV.WD.GD.ZS,Turkiye,TUR,0.474592695978886,0.358009205092114,1.42043970559208,2.22870440882429,1.59080974143791,1.30269498288905,1.59826004955637,1.24926755538016,1.06547131703503,1.57281948580071,1.50652874838996,0.979295414364425
"Foreign direct investment, net inflows (% of GDP)",BX.KLT.DINV.WD.GD.ZS,Turkmenistan,TKM,..,..,..,..,..,..,..,..,..,..,..,..
"Foreign direct investment, net inflows (% of GDP)",BX.KLT.DINV.WD.GD.ZS,Turks and Caicos Islands,TCA,..,..,-8.2672072479104,-7.41855700744106,1.60685436223669,2.14472800443989,3.74104427383907,..,..,..,..,..
"Foreign direct investment, net inflows (% of GDP)",BX.KLT.DINV.WD.GD.ZS,Tuvalu,TUV,..,..,0,0,0,0,0,0,0,0,0,..
"Foreign direct investment, net inflows (% of GDP)",BX.KLT.DINV.WD.GD.ZS,Uganda,UGA,..,2.59476174980504,3.24589612959277,2.27760507458345,2.1425304891559,2.61088918011351,3.20512810607337,3.68620371225002,3.16881317773755,4.06673785760738,6.48067616265601,6.13337677703253
"Foreign direct investment, net inflows (% of GDP)",BX.KLT.DINV.WD.GD.ZS,Ukraine,UKR,..,1.83783307310592,0.634438528402592,-0.217508398305494,4.42178946686191,3.28306130596563,3.80086991777664,3.76649676088543,0.194103193490519,3.98166133947207,0.136428578229067,2.68800629322443
"Foreign direct investment, net inflows (% of GDP)",BX.KLT.DINV.WD.GD.ZS,United Arab Emirates,ARE,-0.113707590431162,0.406054973791622,2.83403716591593,4.5078870657641,4.25488784689004,3.60034340530092,3.53104134200712,5.07815357562375,5.41882467856405,5.430419470509,4.93965436873328,4.34288822094807
"Foreign direct investment, net inflows (% of GDP)",BX.KLT.DINV.WD.GD.ZS,United Kingdom,GBR,3.78380567982468,9.85451206947804,1.92156774768545,1.54832168533284,12.0788528134648,4.67730914435461,-0.872604333652357,0.694070007703284,5.82864205974736,0.160847823124997,1.44178892281254,-2.64545968554728
"Foreign direct investment, net inflows (% of GDP)",BX.KLT.DINV.WD.GD.ZS,United States,USA,1.19450410722934,3.40578123865959,1.43033863092168,2.79548220201356,2.52268117379751,1.94177554246862,1.03945408799819,1.46696501417689,0.641871902381299,2.00921229782091,1.57259077429972,1.25820735681761
"Foreign direct investment, net inflows (% of GDP)",BX.KLT.DINV.WD.GD.ZS,Uruguay,URY,1.07540667158507E-07,1.15156587871402,6.64305841999452,4.63423394449932,-0.897082473754851,4.13270728943389,2.64222393618544,2.35703295005515,1.81380673366455,8.50100266579438,12.3672335202236,-7.09007923621309
"Foreign direct investment, net inflows (% of GDP)",BX.KLT.DINV.WD.GD.ZS,Uzbekistan,UZB,..,..,1.00027476951682,1.2079401515247,1.93048466413592,2.57993736270607,1.06427628704368,3.44235052410005,2.60108803608827,2.94839500995798,2.94941900878907,2.12292924719524
"Foreign direct investment, net inflows (% of GDP)",BX.KLT.DINV.WD.GD.ZS,Vanuatu,VUT,7.76365372915173,7.44669130551293,1.71771189425046,4.24442263225858,5.65746669711184,4.34318234237016,4.10866391285911,5.64318738616692,4.52584159327415,4.53028102541425,1.04625135146101,0.390584020334233
"Foreign direct investment, net inflows (% of GDP)",BX.KLT.DINV.WD.GD.ZS,"Venezuela, RB",VEN,0.927850810708676,4.01463241741596,0.23530176692753,..,..,..,..,..,..,..,..,..
"Foreign direct investment, net inflows (% of GDP)",BX.KLT.DINV.WD.GD.ZS,Viet Nam,VNM,..,4.16392407955693,3.94086189051961,4.93190773329022,4.90089302916746,5.01148721749681,4.99828319622328,4.821074861051,4.55836196782424,4.27314566190187,4.3624059864868,4.30515928686171
"Foreign direct investment, net inflows (% of GDP)",BX.KLT.DINV.WD.GD.ZS,Virgin Islands (U.S.),VIR,..,..,..,..,..,..,..,..,..,..,..,..
"Foreign direct investment, net inflows (% of GDP)",BX.KLT.DINV.WD.GD.ZS,West Bank and Gaza,PSE,..,1.43744162248919,1.14163752860063,0.751035803856388,1.92447798073354,1.14056698202946,1.29446294401352,0.769720046510608,0.513433766585376,1.95194132723981,1.62179695015304,0.594320375566535
"Foreign direct investment, net inflows (% of GDP)",BX.KLT.DINV.WD.GD.ZS,"Yemen, Rep.",YEM,..,-0.0884773192502422,-0.539237328374498,-0.0363882532889495,0.00251294590677089,0.020866374531611,0.0166881568458599,0.0152196574218719,..,..,..,..
"Foreign direct investment, net inflows (% of GDP)",BX.KLT.DINV.WD.GD.ZS,Zambia,ZMB,6.16412608064376,3.37996207983055,5.55542791808588,7.44741668984248,3.16251974813899,4.28050117059574,1.55231886738395,2.35091904331731,1.35190577412928,1.78407846118257,-0.223286755156161,0.311507237845214
"Foreign direct investment, net inflows (% of GDP)",BX.KLT.DINV.WD.GD.ZS,Zimbabwe,ZWE,-0.138958362135941,0.112108333840561,2.4251726022219,1.99968736350769,1.66927435288404,0.601448420215299,2.10172108199503,0.970159909292993,0.55962615629068,0.871791031892931,1.02703125875411,1.58345540771346
"Foreign direct investment, net inflows (% of GDP)",BX.KLT.DINV.WD.GD.ZS,Africa Eastern and Southern,AFE,0.054015658544529,1.49428157510698,2.78941107627647,3.16959753184518,1.95293368129484,0.991785482626709,1.27229001710424,1.424519314499,1.36176225034704,5.01205928028258,1.69591362891245,1.76008951087769
"Foreign direct investment, net inflows (% of GDP)",BX.KLT.DINV.WD.GD.ZS,Africa Western and Central,AFW,0.702827333519976,1.99841123442932,1.98905930829214,1.9560093835853,1.82729820003979,1.65597538664527,1.05294936887325,1.22853176172662,1.1471779301658,1.77829631917209,1.2044594521187,0.836211177726377
"Foreign direct investment, net inflows (% of GDP)",BX.KLT.DINV.WD.GD.ZS,Arab World,ARB,..,0.473471071090757,0.869239776143733,1.17242850880424,2.17051891236375,1.34404997147109,1.65836660493024,1.32745857747989,1.20712481027408,2.218884892047,2.23579534739652,1.94891260098358
"Foreign direct investment, net inflows (% of GDP)",BX.KLT.DINV.WD.GD.ZS,Caribbean small states,CSS,2.57773511685999,5.01522291186957,5.3174640376135,5.20132579826655,5.82794413226059,4.18167845920134,6.87824983967175,7.87364008362966,7.08795589168897,9.15608581485885,3.5699410227632,1.94707928840532
"Foreign direct investment, net inflows (% of GDP)",BX.KLT.DINV.WD.GD.ZS,Central Europe and the Baltics,CEB,..,5.487987206592,3.66876397096488,1.80883441162128,8.80486739306624,2.10826790812757,-1.13492193776476,9.12037713989386,12.6923262371623,6.32265362793313,4.18287942425485,-0.0702445894981336
"Foreign direct investment, net inflows (% of GDP)",BX.KLT.DINV.WD.GD.ZS,Early-demographic dividend,EAR,0.633499677906803,1.515353012371,1.63522698940775,2.0690139950933,2.01042523681835,1.84629790398683,2.00412323143665,1.81046477798842,1.77853123898226,2.1522855803888,1.99807328555636,1.47539982690804
"Foreign direct investment, net inflows (% of GDP)",BX.KLT.DINV.WD.GD.ZS,East Asia & Pacific,EAS,1.80873647683175,2.1118207829435,2.90480180911472,2.86472112143651,2.3613508322233,2.33958631866704,2.30937218940351,1.98047746574872,2.21116823163703,2.64097948707232,2.34882837375791,1.62337897054541
"Foreign direct investment, net inflows (% of GDP)",BX.KLT.DINV.WD.GD.ZS,East Asia & Pacific (excluding high income),EAP,1.55770486615194,2.77403859203123,2.57657209390532,2.29823319192139,1.6180715061062,1.61192127515808,1.87037975444629,1.51587169530574,1.72850495138064,2.09728737202689,1.31660873888442,0.545866286592096
"Foreign direct investment, net inflows (% of GDP)",BX.KLT.DINV.WD.GD.ZS,East Asia & Pacific (IDA & IBRD countries),TEA,1.55731986690718,2.77403859203123,2.57683476617255,2.29844483441831,1.61851133236736,1.6122113609822,1.87064949987897,1.51610678586639,1.72872698544615,2.09741502214412,1.31693508271818,0.545866286592095
"Foreign direct investment, net inflows (% of GDP)",BX.KLT.DINV.WD.GD.ZS,Euro area,EMU,1.02754386933388,8.1373227310469,3.21953875634399,6.8313322338138,4.81930421392203,4.33551043530021,1.27296083106336,2.83883632664919,1.18291610160781,3.43974747861296,0.582945162185209,-1.98667736993952
"Foreign direct investment, net inflows (% of GDP)",BX.KLT.DINV.WD.GD.ZS,Europe & Central Asia,ECS,1.39911136750772,8.27859559264935,2.68414485254496,5.53535992825908,6.48778219529973,4.28764299830773,-0.66758475520478,2.67287192488704,1.32252872974267,2.27462406685739,0.963463672610437,-1.56820089449462
"Foreign direct investment, net inflows (% of GDP)",BX.KLT.DINV.WD.GD.ZS,Europe & Central Asia (excluding high income),ECA,..,1.11817854941008,2.15042094017313,2.79492765362948,3.55834506590928,2.30920253171517,2.15838746012527,2.33528227509357,1.81474978022599,2.34706409481753,1.8321226986924,1.85513957907747
"Foreign direct investment, net inflows (% of GDP)",BX.KLT.DINV.WD.GD.ZS,Europe & Central Asia (IDA & IBRD countries),TEC,..,2.20213012292293,1.89668040630758,1.97078299274,3.18939959633616,2.17614612831133,1.73549985849068,2.38426189722105,1.6326073089858,2.94347792344064,1.05355727557611,1.44859611253203
"Foreign direct investment, net inflows (% of GDP)",BX.KLT.DINV.WD.GD.ZS,European Union,EUU,0.993430207456039,8.35903622206641,3.09477173993849,6.13881572467671,5.10140014799414,4.0616839474155,0.977667017721421,3.38687088840452,2.44868688716328,3.90324382270007,1.343736391414,-1.62908761262104
"Foreign direct investment, net inflows (% of GDP)",BX.KLT.DINV.WD.GD.ZS,Fragile and conflict affected situations,FCS,..,2.05359329248509,0.855367997499602,1.41086810538423,1.63077086937549,1.55440412984722,1.21163542430999,1.3059591883137,0.66445084105814,1.77245093426171,0.869503874791194,0.838362506292896
"Foreign direct investment, net inflows (% of GDP)",BX.KLT.DINV.WD.GD.ZS,Heavily indebted poor countries (HIPC),HPC,..,2.61177139787214,4.4294890974636,4.47349550013598,3.67056029368879,3.49798592100823,3.00329780009344,2.88167229844573,2.34069144721849,3.59056953264065,2.86415398607829,2.13051157187359
"Foreign direct investment, net inflows (% of GDP)",BX.KLT.DINV.WD.GD.ZS,High income,HIC,1.4316858343793,4.96164159020426,2.45804719435868,4.26791481520494,4.29696324317389,3.24041781425541,0.909584932446767,2.30213208583795,1.48005144872506,2.62573531275855,1.93297756976731,0.653929892554782
"Foreign direct investment, net inflows (% of GDP)",BX.KLT.DINV.WD.GD.ZS,IBRD only,IBD,0.711717384281177,2.67617714890953,2.36594279472579,2.34724521955271,2.1053744990165,1.81899286471576,1.96958948275274,1.83533799327792,1.78792869991043,2.24289621683556,1.5822408780961,1.032451763203
"Foreign direct investment, net inflows (% of GDP)",BX.KLT.DINV.WD.GD.ZS,IDA & IBRD total,IBT,0.711856819768976,2.58126216912111,2.35606519070784,2.34579065349763,2.10821448249101,1.83976919631432,1.95133075560615,1.82979128881852,1.7637122045234,2.22140651507894,1.58014349412405,1.06043530977093
"Foreign direct investment, net inflows (% of GDP)",BX.KLT.DINV.WD.GD.ZS,IDA blend,IDB,0.759104202689339,0.98980183415791,1.19365620155382,1.21415323718518,1.05121668914883,0.992751737945998,0.652672336960834,0.771977890166963,0.503801302562475,0.865776536300477,0.617145087886896,0.739119291775423
"Foreign direct investment, net inflows (% of GDP)",BX.KLT.DINV.WD.GD.ZS,IDA only,IDX,..,1.73305940456562,3.32355320655348,3.43882490237086,3.09922798041183,3.03268592432439,2.60049100954454,2.52613566325899,2.20704196822353,2.74961551804263,2.29455990634459,1.98030773533544
"Foreign direct investment, net inflows (% of GDP)",BX.KLT.DINV.WD.GD.ZS,IDA total,IDA,..,1.39241959334258,2.23103188008591,2.32827675413073,2.14278252053581,2.10506684721144,1.71573699107429,1.74352001400641,1.45178433023853,1.92207317568523,1.55150218889616,1.47148005733632
"Foreign direct investment, net inflows (% of GDP)",BX.KLT.DINV.WD.GD.ZS,Late-demographic dividend,LTE,0.850749935795888,3.5889310145555,3.4741866656232,3.80886723210853,2.75338836490223,2.28282851491226,2.38488556985069,2.24181660402715,1.85204699451754,2.67693168788018,1.42369075114117,0.450232028407715
"Foreign direct investment, net inflows (% of GDP)",BX.KLT.DINV.WD.GD.ZS,Latin America & Caribbean,LCN,0.75537755163799,3.59991124560169,3.35844415277375,4.89429757891719,3.50802508143826,3.04178775659855,3.3067159929625,3.07306194256298,2.53795842465852,2.8398125175768,3.43789596350126,2.98605798234129
"Foreign direct investment, net inflows (% of GDP)",BX.KLT.DINV.WD.GD.ZS,Latin America & Caribbean (excluding high income),LAC,0.679300051986199,3.46518612879736,2.88941976238977,3.19080943081909,3.38774471124009,3.01857735225447,3.30593336050422,2.8917846942058,2.29988190887255,2.64727381047053,3.25452752294396,2.62883514182101
"Foreign direct investment, net inflows (% of GDP)",BX.KLT.DINV.WD.GD.ZS,Latin America & the Caribbean (IDA & IBRD countries),TLA,0.747845617142996,3.61056722323669,3.07574908240991,3.47820204378451,3.45785855676048,2.99617068401632,3.30590697463095,3.05477648042174,2.37442571877598,2.85540426442012,3.4882692921717,2.67397766688673
"Foreign direct investment, net inflows (% of GDP)",BX.KLT.DINV.WD.GD.ZS,Least developed countries: UN classification,LDC,..,2.06369622529123,3.16885138795997,4.13787397535238,2.81152021523313,2.04985718717189,1.58419387100397,1.71144009703452,1.90547964960434,2.06749559710496,1.51297421307219,1.72330238947948
"Foreign direct investment, net inflows (% of GDP)",BX.KLT.DINV.WD.GD.ZS,Low & middle income,LMY,0.713048677861494,2.44655582922472,2.3596901844168,2.35470254270743,2.00784201137394,1.80175180741618,1.96810896850807,1.73343958443431,1.76414463036107,2.09401069540472,1.6068332991826,1.01581259676715
"Foreign direct investment, net inflows (% of GDP)",BX.KLT.DINV.WD.GD.ZS,Low income,LIC,..,2.1965383472958,3.92644186861537,3.57963093233323,3.76313612396556,3.51496474323172,3.20286689953916,3.43365526111197,3.21332938999341,4.17545950379527,3.82755704243543,2.95818452925712
"Foreign direct investment, net inflows (% of GDP)",BX.KLT.DINV.WD.GD.ZS,Lower middle income,LMC,0.401876489115358,1.34868966503425,1.98248150749635,2.39374897902564,2.1062333246497,1.84686039011864,1.73233072564867,1.76769365712248,1.88325805935276,1.55391751220304,1.51335612449905,1.22627292511528
"Foreign direct investment, net inflows (% of GDP)",BX.KLT.DINV.WD.GD.ZS,Middle East & North Africa,MEA,0.534976632846099,1.24556847358652,0.816474756379043,1.33160105136639,2.09063113580698,2.73899086574105,3.91502952728469,2.45957957716918,2.56087264143418,4.44898720452105,2.818865641394,2.45126664880184
"Foreign direct investment, net inflows (% of GDP)",BX.KLT.DINV.WD.GD.ZS,Middle East & North Africa (excluding high income),MNA,..,0.93477806646422,0.354157762457365,0.522043968502557,0.766756879324743,0.822056244750212,0.926062523169496,0.909662651441491,0.645898021638117,0.565646480507998,0.88008568453732,0.529426069926501
"Foreign direct investment, net inflows (% of GDP)",BX.KLT.DINV.WD.GD.ZS,Middle East & North Africa (IDA & IBRD countries),TMN,..,0.929638372688416,0.347239520761077,0.519808264702301,0.754622464897003,0.818553942170288,0.921935383854285,0.911327194262765,0.647504014500795,0.548920210911153,0.871601990716039,0.528716042120391
"Foreign direct investment, net inflows (% of GDP)",BX.KLT.DINV.WD.GD.ZS,Middle income,MIC,0.716983186141465,2.45046300136217,2.33757348649682,2.33685091566983,1.98465382630535,1.78028009497856,1.9531680962201,1.71079446449224,1.74592312221299,2.07020089165281,1.58008983101568,0.993119486106659
"Foreign direct investment, net inflows (% of GDP)",BX.KLT.DINV.WD.GD.ZS,North America,NAC,1.21404241514212,3.79520362389043,1.62730313111783,2.87678450914885,2.50010554202211,1.90842091189373,1.14973138665757,1.56682256474975,0.724107701792491,2.08196311401394,1.62898897072807,1.32752975010635
"Foreign direct investment, net inflows (% of GDP)",BX.KLT.DINV.WD.GD.ZS,Not classified,INX,..,..,..,..,..,..,..,..,..,..,..,..
"Foreign direct investment, net inflows (% of GDP)",BX.KLT.DINV.WD.GD.ZS,OECD members,OED,1.37825154212966,4.65266604734664,2.01194053617518,3.56433932880221,3.83891535806635,2.72394749875176,0.62448499348355,1.89048080542959,1.16479308511756,2.02234315077863,1.5794395636991,0.157190579515417
"Foreign direct investment, net inflows (% of GDP)",BX.KLT.DINV.WD.GD.ZS,Other small states,OSS,1.38909319459039,6.37422841583926,34.5314726476172,22.8789740915361,7.72767968944965,30.8438902868387,39.1981447782608,46.2235999866388,5.92429933164426,49.8164087809689,13.9325980703102,13.0655675368156
"Foreign direct investment, net inflows (% of GDP)",BX.KLT.DINV.WD.GD.ZS,Pacific island small states,PSS,-0.37775967494475,1.27451008837321,5.65820998147037,3.90385942701449,6.10419830530849,5.26316716119494,6.13657574735847,4.40442524406148,3.84213524536602,5.82163535877117,2.51710314556315,1.27164620652867
"Foreign direct investment, net inflows (% of GDP)",BX.KLT.DINV.WD.GD.ZS,Post-demographic dividend,PST,1.43521686918995,5.02540582862871,2.12511003851659,3.61402421524186,4.11760509744877,3.13908126895696,0.795098305864137,2.15136667589054,1.41622281698258,2.43177717849839,1.99912548545009,0.708744911239005
"Foreign direct investment, net inflows (% of GDP)",BX.KLT.DINV.WD.GD.ZS,Pre-demographic dividend,PRE,..,2.14187544714874,1.30554296200727,2.0246676777486,0.954969325651754,0.415306254142983,0.137446889428903,0.592128268429072,0.762731362988845,1.14786939290777,0.65054153829554,0.583150697287553
"Foreign direct investment, net inflows (% of GDP)",BX.KLT.DINV.WD.GD.ZS,Small states,SST,1.55547054373149,5.82825203332941,28.5616894743575,18.8742148553847,7.33762577502825,25.4983146668083,32.9015908166831,38.5323253160995,6.00667288730737,42.3962007453334,11.7787890792675,10.7110008185291
"Foreign direct investment, net inflows (% of GDP)",BX.KLT.DINV.WD.GD.ZS,South Asia,SAS,0.0750271111260707,0.678479766886432,1.5421630899219,1.81876743486529,1.69150587488805,1.34931058542123,1.37677433102502,1.54936920959839,1.97405928538374,1.22717394278043,1.26893832802688,0.738821443962298
"Foreign direct investment, net inflows (% of GDP)",BX.KLT.DINV.WD.GD.ZS,South Asia (IDA & IBRD),TSA,0.0750271111260707,0.678479766886432,1.5421630899219,1.81876743486529,1.69150587488805,1.34931058542123,1.37677433102502,1.54936920959839,1.97405928538374,1.22717394278043,1.26893832802688,0.738821443962298
"Foreign direct investment, net inflows (% of GDP)",BX.KLT.DINV.WD.GD.ZS,Sub-Saharan Africa,SSF,0.299055623998515,1.66738940111244,2.41342207334626,2.61053418227489,1.8957139831221,1.26632669291633,1.17823594276557,1.33633433145404,1.26443238175926,3.61222218584295,1.48960708864771,1.38857966026391
"Foreign direct investment, net inflows (% of GDP)",BX.KLT.DINV.WD.GD.ZS,Sub-Saharan Africa (excluding high income),SSA,0.292257382567467,1.66399163933354,2.40932841949622,2.6063736538649,1.89313439999785,1.25554452855302,1.16196394199687,1.32347391162063,1.26070191120011,3.60912875721761,1.48172653972089,1.37733408837761
"Foreign direct investment, net inflows (% of GDP)",BX.KLT.DINV.WD.GD.ZS,Sub-Saharan Africa (IDA & IBRD countries),TSS,0.299055623998515,1.66738940111244,2.41342207334626,2.61053418227489,1.8957139831221,1.26632669291633,1.17823594276557,1.33633433145404,1.26443238175926,3.61222218584295,1.48960708864771,1.38857966026391
"Foreign direct investment, net inflows (% of GDP)",BX.KLT.DINV.WD.GD.ZS,Upper middle income,UMC,0.819736302030837,2.75109974999299,2.42605998503214,2.32215745283708,1.95205444946763,1.76267093882908,2.01006439604237,1.69560943454393,1.70965630855647,2.20016081054297,1.59730367990749,0.934456967196454
"Foreign direct investment, net inflows (% of GDP)",BX.KLT.DINV.WD.GD.ZS,World,WLD,1.33720273734572,4.54399353537483,2.41260374116895,3.62514952198335,3.53252190123125,2.74731322334698,1.27268482710967,2.10537607716716,1.57764386055095,2.43700487947221,1.81632775980264,0.781331177336045
,,,,,,,,,,,,,,,
,,,,,,,,,,,,,,,
,,,,,,,,,,,,,,,
Data from database: World Development Indicators,,,,,,,,,,,,,,,
Last Updated: 12/16/2024,,,,,,,,,,,,,,,
Code,License Type,Indicator Name,Long definition,Source,Topic,Periodicity,Aggregation method,Statistical concept and methodology,Development relevance,Limitations and exceptions,General comments,License URL
BX.KLT.DINV.WD.GD.ZS,CC BY-4.0,"Foreign direct investment, net inflows (% of GDP)","Foreign direct investment are the net inflows of investment to acquire a lasting management interest (10 percent or more of voting stock) in an enterprise operating in an economy other than that of the investor. It is the sum of equity capital, reinvestment of earnings, other long-term capital, and short-term capital as shown in the balance of payments. This series shows net inflows (new investment inflows less disinvestment) in the reporting economy from foreign investors, and is divided by GDP.","International Monetary Fund, International Financial Statistics and Balance of Payments databases, World Bank, International Debt Statistics, and World Bank and OECD GDP estimates.",Economic Policy & Debt: Balance of payments: Capital & financial account,Annual,Weighted average,"Data on equity flows are based on balance of payments data reported by the International Monetary Fund (IMF). Foreign direct investment (FDI) data are supplemented by the World Bank staff estimates using data from the United Nations Conference on Trade and Development (UNCTAD) and official national sources.

The internationally accepted definition of FDI (from the sixth edition of the IMF's Balance of Payments Manual [2009]), includes the following components: equity investment, including investment associated with equity that gives rise to control or influence; investment in indirectly influenced or controlled enterprises; investment in fellow enterprises; debt (except selected debt); and reverse investment. The Framework for Direct Investment Relationships provides criteria for determining whether cross-border ownership results in a direct investment relationship, based on control and influence. Distinguished from other kinds of international investment, FDI is made to establish a lasting interest in or effective management control over an enterprise in another country. A lasting interest in an investment enterprise typically involves establishing warehouses, manufacturing facilities, and other permanent or long-term organizations abroad. Direct investments may take the form of greenfield investment, where the investor starts a new venture in a foreign country by constructing new operational facilities; joint venture, where the investor enters into a partnership agreement with a company abroad to establish a new enterprise; or merger and acquisition, where the investor acquires an existing enterprise abroad. The IMF suggests that investments should account for at least 10 percent of voting stock to be counted as FDI. In practice many countries set a higher threshold. Many countries fail to report reinvested earnings, and the definition of long-term loans differs among countries. BoP refers to Balance of Payments.","Private financial flows - equity and debt - account for the bulk of development finance. Equity flows comprise foreign direct investment (FDI) and portfolio equity. Debt flows are financing raised through bond issuance, bank lending, and supplier credits.","FDI data do not give a complete picture of international investment in an economy. Balance of payments data on FDI do not include capital raised locally, an important source of investment financing in some developing countries. In addition, FDI data omit nonequity cross-border transactions such as intra-unit flows of goods and services.

The volume of global private financial flows reported by the World Bank generally differs from that reported by other sources because of differences in sources, classification of economies, and method used to adjust and disaggregate reported information. In addition, particularly for debt financing, differences may also reflect how some installments of the transactions and certain offshore issuances are treated.

Data on equity flows are shown for all countries for which data are available.",Note: Data starting from 2005 are based on the sixth edition of the IMF's Balance of Payments Manual (BPM6).,https://datacatalog.worldbank.org/public-licenses#cc-by
