Series Name,"Series Code","Country Name","Country Code","2012 [YR2012]","2013 [YR2013]","2014 [YR2014]","2015 [YR2015]","2023 [YR2023]","2022 [YR2022]","2021 [YR2021]","2020 [YR2020]","2019 [YR2019]","2018 [YR2018]","2017 [YR2017]","2016 [YR2016]"
Gini index,"SI.POV.GINI","Afghanistan","AFG","NA","NA","NA","NA","NA","NA","NA","NA","NA","NA","NA","NA"
Gini index,"SI.POV.GINI","Albania","ALB","29","NA","34.6","32.8","NA","NA","NA","29.4","30.1","30.1","33.1","33.7"
Gini index,"SI.POV.GINI","Algeria","DZA","NA","NA","NA","NA","NA","NA","NA","NA","NA","NA","NA","NA"
Gini index,"SI.POV.GINI","American Samoa","ASM","NA","NA","NA","NA","NA","NA","NA","NA","NA","NA","NA","NA"
Gini index,"SI.POV.GINI","Andorra","AND","NA","NA","NA","NA","NA","NA","NA","NA","NA","NA","NA","NA"
Gini index,"SI.POV.GINI","Angola","AGO","NA","NA","NA","NA","NA","NA","NA","NA","NA","51.3","NA","NA"
Gini index,"SI.POV.GINI","Antigua and Barbuda","ATG","NA","NA","NA","NA","NA","NA","NA","NA","NA","NA","NA","NA"
Gini index,"SI.POV.GINI","Argentina","ARG","41.4","41.1","41.8","NA","NA","40.7","42.4","42.7","43.3","41.7","41.4","42.3"
Gini index,"SI.POV.GINI","Armenia","ARM","29.6","30.6","31.5","32.4","NA","27.9","27.9","25.1","30","34.4","33.6","32.5"
Gini index,"SI.POV.GINI","Aruba","ABW","NA","NA","NA","NA","NA","NA","NA","NA","NA","NA","NA","NA"
Gini index,"SI.POV.GINI","Australia","AUS","NA","NA","34.4","NA","NA","NA","NA","NA","NA","34.3","NA","33.7"
Gini index,"SI.POV.GINI","Austria","AUT","30.5","30.8","30.5","30.5","NA","NA","30.7","29.8","30.2","30.8","29.7","30.8"
Gini index,"SI.POV.GINI","Azerbaijan","AZE","NA","NA","NA","NA","NA","NA","NA","NA","NA","NA","NA","NA"
Gini index,"SI.POV.GINI","Bahamas, The","BHS","NA","NA","NA","NA","NA","NA","NA","NA","NA","NA","NA","NA"
Gini index,"SI.POV.GINI","Bahrain","BHR","NA","NA","NA","NA","NA","NA","NA","NA","NA","NA","NA","NA"
Gini index,"SI.POV.GINI","Bangladesh","BGD","NA","NA","NA","NA","NA","33.4","NA","NA","NA","NA","NA","32.4"
Gini index,"SI.POV.GINI","Barbados","BRB","NA","NA","NA","NA","NA","NA","NA","NA","NA","NA","NA","NA"
Gini index,"SI.POV.GINI","Belarus","BLR","26.5","26.6","27.2","25.6","NA","NA","NA","24.4","25.3","25.2","25.4","25.3"
Gini index,"SI.POV.GINI","Belgium","BEL","27.5","27.7","28.1","27.7","NA","NA","26.6","26","27.2","27.2","27.4","27.6"
Gini index,"SI.POV.GINI","Belize","BLZ","NA","NA","NA","NA","NA","NA","NA","NA","NA","NA","NA","NA"
Gini index,"SI.POV.GINI","Benin","BEN","NA","NA","NA","47.6","NA","NA","34.4","NA","NA","37.9","NA","NA"
Gini index,"SI.POV.GINI","Bermuda","BMU","NA","NA","NA","NA","NA","NA","NA","NA","NA","NA","NA","NA"
Gini index,"SI.POV.GINI","Bhutan","BTN","38.8","NA","NA","NA","NA","28.5","NA","NA","NA","NA","37.4","NA"
Gini index,"SI.POV.GINI","Bolivia","BOL","46.6","47.6","47.8","46.7","NA","NA","40.9","43.6","41.6","42.6","44.6","45.2"
Gini index,"SI.POV.GINI","Bosnia and Herzegovina","BIH","NA","NA","NA","NA","NA","NA","NA","NA","NA","NA","NA","NA"
Gini index,"SI.POV.GINI","Botswana","BWA","NA","NA","NA","53.3","NA","NA","NA","NA","NA","NA","NA","NA"
Gini index,"SI.POV.GINI","Brazil","BRA","53.4","52.7","52","51.9","NA","52","52.9","48.9","53.5","53.9","53.3","53.4"
Gini index,"SI.POV.GINI","British Virgin Islands","VGB","NA","NA","NA","NA","NA","NA","NA","NA","NA","NA","NA","NA"
Gini index,"SI.POV.GINI","Brunei Darussalam","BRN","NA","NA","NA","NA","NA","NA","NA","NA","NA","NA","NA","NA"
Gini index,"SI.POV.GINI","Bulgaria","BGR","36","36.6","37.4","38.6","NA","NA","39","40.5","40.3","41.3","40.4","40.6"
Gini index,"SI.POV.GINI","Burkina Faso","BFA","NA","NA","35.3","NA","NA","NA","37.4","NA","NA","43","NA","NA"
Gini index,"SI.POV.GINI","Burundi","BDI","NA","38.6","NA","NA","NA","NA","NA","37.5","NA","NA","NA","NA"
Gini index,"SI.POV.GINI","Cabo Verde","CPV","NA","NA","NA","42.4","NA","NA","NA","NA","NA","NA","NA","NA"
Gini index,"SI.POV.GINI","Cambodia","KHM","NA","NA","NA","NA","NA","NA","NA","NA","NA","NA","NA","NA"
Gini index,"SI.POV.GINI","Cameroon","CMR","NA","NA","46.6","NA","NA","NA","42.2","NA","NA","NA","NA","NA"
Gini index,"SI.POV.GINI","Canada","CAN","33.5","33.8","33.2","33.7","NA","NA","NA","NA","31.7","32.5","33.3","32.7"
Gini index,"SI.POV.GINI","Cayman Islands","CYM","NA","NA","NA","NA","NA","NA","NA","NA","NA","NA","NA","NA"
Gini index,"SI.POV.GINI","Central African Republic","CAF","NA","NA","NA","NA","NA","NA","43","NA","NA","NA","NA","NA"
Gini index,"SI.POV.GINI","Chad","TCD","NA","NA","NA","NA","NA","37.4","NA","NA","NA","37.5","NA","NA"
Gini index,"SI.POV.GINI","Channel Islands","CHI","NA","NA","NA","NA","NA","NA","NA","NA","NA","NA","NA","NA"
Gini index,"SI.POV.GINI","Chile","CHL","NA","46.8","NA","45.3","NA","43","NA","47","NA","NA","45.3","NA"
Gini index,"SI.POV.GINI","China","CHN","42.2","39.7","39.2","38.6","NA","NA","35.7","37.1","38.2","38.5","39.1","38.5"
Gini index,"SI.POV.GINI","Colombia","COL","52.6","52.6","52.5","51","NA","54.8","55.1","53.5","51.3","50.4","49.7","50.6"
Gini index,"SI.POV.GINI","Comoros","COM","NA","NA","45.3","NA","NA","NA","NA","NA","NA","NA","NA","NA"
Gini index,"SI.POV.GINI","Congo, Dem. Rep.","COD","42.1","NA","NA","NA","NA","NA","NA","44.7","NA","NA","NA","NA"
Gini index,"SI.POV.GINI","Congo, Rep.","COG","NA","NA","NA","NA","NA","NA","NA","NA","NA","NA","NA","NA"
Gini index,"SI.POV.GINI","Costa Rica","CRI","48.4","49.2","48.6","48.4","46.7","47.2","48.7","49.2","48.2","48","48.3","48.7"
Gini index,"SI.POV.GINI","Cote d'Ivoire","CIV","NA","NA","NA","41.5","NA","NA","35.3","NA","NA","37.2","NA","NA"
Gini index,"SI.POV.GINI","Croatia","HRV","32.5","32","32.1","31.1","NA","NA","28.9","29.5","28.9","29.7","30.4","30.9"
Gini index,"SI.POV.GINI","Cuba","CUB","NA","NA","NA","NA","NA","NA","NA","NA","NA","NA","NA","NA"
Gini index,"SI.POV.GINI","Curacao","CUW","NA","NA","NA","NA","NA","NA","NA","NA","NA","NA","NA","NA"
Gini index,"SI.POV.GINI","Cyprus","CYP","34.3","37","35.6","34","NA","NA","31.3","31.7","31.2","32.7","31.4","32.9"
Gini index,"SI.POV.GINI","Czechia","CZE","26.1","26.5","25.9","25.9","NA","NA","26.2","26.2","25.3","25","24.9","25.4"
Gini index,"SI.POV.GINI","Denmark","DNK","27.8","28.5","28.4","28.2","NA","NA","28.3","27.5","27.7","28.2","28.7","28.2"
Gini index,"SI.POV.GINI","Djibouti","DJI","45.1","44.1","NA","NA","NA","NA","NA","NA","NA","NA","41.6","NA"
Gini index,"SI.POV.GINI","Dominica","DMA","NA","NA","NA","NA","NA","NA","NA","NA","NA","NA","NA","NA"
Gini index,"SI.POV.GINI","Dominican Republic","DOM","46.1","47.7","44.3","45.2","NA","37","38.5","39.6","41.9","43.7","42.2","45.7"
Gini index,"SI.POV.GINI","Ecuador","ECU","46.1","46.9","45","46","44.6","45.5","45.8","47.3","45.7","45.4","44.7","45"
Gini index,"SI.POV.GINI","Egypt, Arab Rep.","EGY","28.3","NA","NA","31.8","NA","NA","NA","NA","31.9","NA","31.5","NA"
Gini index,"SI.POV.GINI","El Salvador","SLV","41.8","43.4","41.6","40.6","NA","38.8","39","NA","38.8","38.6","38","40"
Gini index,"SI.POV.GINI","Equatorial Guinea","GNQ","NA","NA","NA","NA","NA","NA","NA","NA","NA","NA","NA","NA"
Gini index,"SI.POV.GINI","Eritrea","ERI","NA","NA","NA","NA","NA","NA","NA","NA","NA","NA","NA","NA"
Gini index,"SI.POV.GINI","Estonia","EST","32.9","35.1","34.6","32.7","NA","NA","31.8","30.7","30.8","30.3","30.4","31.2"
Gini index,"SI.POV.GINI","Ethiopia","ETH","NA","NA","NA","35","NA","NA","NA","NA","NA","NA","NA","NA"
Gini index,"SI.POV.GINI","Faroe Islands","FRO","NA","NA","NA","NA","NA","NA","NA","NA","NA","NA","NA","NA"
Gini index,"SI.POV.GINI","Fiji","FJI","NA","36.7","NA","NA","NA","NA","NA","NA","30.7","NA","NA","NA"
Gini index,"SI.POV.GINI","Finland","FIN","27.1","27.2","26.8","27.1","NA","NA","27.7","27.1","27.7","27.3","27.4","27.1"
Gini index,"SI.POV.GINI","France","FRA","33.1","32.5","32.3","32.7","NA","NA","31.5","30.7","31.2","32.4","31.6","31.9"
Gini index,"SI.POV.GINI","French Polynesia","PYF","NA","NA","NA","NA","NA","NA","NA","NA","NA","NA","NA","NA"
Gini index,"SI.POV.GINI","Gabon","GAB","NA","NA","NA","NA","NA","NA","NA","NA","NA","NA","38","NA"
Gini index,"SI.POV.GINI","Gambia, The","GMB","NA","NA","NA","35.9","NA","NA","NA","38.8","NA","NA","NA","NA"
Gini index,"SI.POV.GINI","Georgia","GEO","39","38.6","37.6","36.5","NA","33.5","34.2","34.5","35.9","36.4","37.9","36.6"
Gini index,"SI.POV.GINI","Germany","DEU","31.1","31.5","30.8","31.7","NA","NA","NA","32.4","31.8","31.9","31.3","31.4"
Gini index,"SI.POV.GINI","Ghana","GHA","42.4","NA","NA","NA","NA","NA","NA","NA","NA","NA","NA","43.5"
Gini index,"SI.POV.GINI","Gibraltar","GIB","NA","NA","NA","NA","NA","NA","NA","NA","NA","NA","NA","NA"
Gini index,"SI.POV.GINI","Greece","GRC","36.3","36.1","35.8","36","NA","NA","32.9","33.6","33.1","32.9","34.4","35"
Gini index,"SI.POV.GINI","Greenland","GRL","NA","NA","NA","NA","NA","NA","NA","NA","NA","NA","NA","NA"
Gini index,"SI.POV.GINI","Grenada","GRD","NA","NA","NA","NA","NA","NA","NA","NA","NA","43.8","NA","NA"
Gini index,"SI.POV.GINI","Guam","GUM","NA","NA","NA","NA","NA","NA","NA","NA","NA","NA","NA","NA"
Gini index,"SI.POV.GINI","Guatemala","GTM","NA","NA","48.3","NA","NA","NA","NA","NA","NA","NA","NA","NA"
Gini index,"SI.POV.GINI","Guinea","GIN","33.7","NA","NA","NA","NA","NA","NA","NA","NA","29.6","NA","NA"
Gini index,"SI.POV.GINI","Guinea-Bissau","GNB","NA","NA","NA","NA","NA","NA","33.4","NA","NA","34.8","NA","NA"
Gini index,"SI.POV.GINI","Guyana","GUY","NA","NA","NA","NA","NA","NA","NA","NA","NA","NA","NA","NA"
Gini index,"SI.POV.GINI","Haiti","HTI","41.1","NA","NA","NA","NA","NA","NA","NA","NA","NA","NA","NA"
Gini index,"SI.POV.GINI","Honduras","HND","53.4","50","49.9","49.2","NA","NA","NA","NA","48.2","48.9","49.4","49.8"
Gini index,"SI.POV.GINI","Hong Kong SAR, China","HKG","NA","NA","NA","NA","NA","NA","NA","NA","NA","NA","NA","NA"
Gini index,"SI.POV.GINI","Hungary","HUN","30.8","31.5","30.9","30.4","NA","NA","29.2","29.7","30","29.6","30.6","30.3"
Gini index,"SI.POV.GINI","Iceland","ISL","26.8","25.4","27.8","26.8","NA","NA","NA","NA","NA","NA","26.1","27.2"
Gini index,"SI.POV.GINI","India","IND","NA","NA","NA","34.7","NA","NA","32.8","33.8","33.8","34.5","35.9","34.7"
Gini index,"SI.POV.GINI","Indonesia","IDN","37.1","38.9","38.8","38.2","36.1","35.5","35.5","35.3","35.4","36.3","36.4","36.9"
Gini index,"SI.POV.GINI","Iran, Islamic Rep.","IRN","34.4","34","34.8","35.3","NA","34.8","35.5","35.8","36.5","37.4","36.7","35.9"
Gini index,"SI.POV.GINI","Iraq","IRQ","29.5","NA","NA","NA","NA","NA","NA","NA","NA","NA","NA","NA"
Gini index,"SI.POV.GINI","Ireland","IRL","33.2","33.5","31.9","31.8","NA","NA","30.1","29.2","30.8","30.6","31.4","32.8"
Gini index,"SI.POV.GINI","Isle of Man","IMN","NA","NA","NA","NA","NA","NA","NA","NA","NA","NA","NA","NA"
Gini index,"SI.POV.GINI","Israel","ISR","41.3","39.9","39.8","39.7","NA","NA","37.9","37.8","38.3","38.6","38.2","39"
Gini index,"SI.POV.GINI","Italy","ITA","35.2","34.9","34.7","35.4","NA","NA","34.8","35.2","34.6","35.2","35.9","35.2"
Gini index,"SI.POV.GINI","Jamaica","JAM","NA","NA","NA","NA","NA","NA","40.2","NA","NA","35.6","NA","NA"
Gini index,"SI.POV.GINI","Japan","JPN","NA","32.9","NA","NA","NA","NA","NA","NA","NA","NA","NA","NA"
Gini index,"SI.POV.GINI","Jordan","JOR","NA","NA","NA","NA","NA","NA","NA","NA","NA","NA","NA","NA"
Gini index,"SI.POV.GINI","Kazakhstan","KAZ","28.2","27.1","27","26.8","NA","NA","29.2","28.7","28","27.8","27.5","27.2"
Gini index,"SI.POV.GINI","Kenya","KEN","NA","NA","NA","40.8","NA","NA","38.7","36.2","NA","NA","NA","NA"
Gini index,"SI.POV.GINI","Kiribati","KIR","NA","NA","NA","NA","NA","NA","NA","NA","27.8","NA","NA","NA"
Gini index,"SI.POV.GINI","Korea, Dem. People's Rep.","PRK","NA","NA","NA","NA","NA","NA","NA","NA","NA","NA","NA","NA"
Gini index,"SI.POV.GINI","Korea, Rep.","KOR","31.6","NA","31.2","NA","NA","NA","32.9","32.7","33.2","33.7","34.9","35.2"
Gini index,"SI.POV.GINI","Kosovo","XKX","29","26.3","27.3","26.5","NA","NA","NA","NA","NA","NA","29","26.7"
Gini index,"SI.POV.GINI","Kuwait","KWT","NA","NA","NA","NA","NA","NA","NA","NA","NA","NA","NA","NA"
Gini index,"SI.POV.GINI","Kyrgyz Republic","KGZ","27.4","28.8","26.8","29","NA","26.4","28.8","29","29.7","27.7","27.3","26.8"
Gini index,"SI.POV.GINI","Lao PDR","LAO","36","NA","NA","NA","NA","NA","NA","NA","NA","38.8","NA","NA"
Gini index,"SI.POV.GINI","Latvia","LVA","35.2","35.5","35.1","34.2","NA","NA","34.3","35.7","34.5","35.1","35.6","34.3"
Gini index,"SI.POV.GINI","Lebanon","LBN","NA","NA","NA","NA","NA","NA","NA","NA","NA","NA","NA","NA"
Gini index,"SI.POV.GINI","Lesotho","LSO","NA","NA","NA","NA","NA","NA","NA","NA","NA","NA","44.9","NA"
Gini index,"SI.POV.GINI","Liberia","LBR","NA","NA","33.2","NA","NA","NA","NA","NA","NA","NA","NA","35.3"
Gini index,"SI.POV.GINI","Libya","LBY","NA","NA","NA","NA","NA","NA","NA","NA","NA","NA","NA","NA"
Gini index,"SI.POV.GINI","Liechtenstein","LIE","NA","NA","NA","NA","NA","NA","NA","NA","NA","NA","NA","NA"
Gini index,"SI.POV.GINI","Lithuania","LTU","35.1","35.3","37.7","37.4","NA","NA","36.7","36","35.3","35.7","37.3","38.4"
Gini index,"SI.POV.GINI","Luxembourg","LUX","34.3","32","31.2","32.9","NA","NA","32.7","33.4","34.2","35.4","34.5","31.7"
Gini index,"SI.POV.GINI","Macao SAR, China","MAC","NA","NA","NA","NA","NA","NA","NA","NA","NA","NA","NA","NA"
Gini index,"SI.POV.GINI","North Macedonia","MKD","38.1","36.2","35.2","35.6","NA","NA","NA","NA","33.5","33","34.2","34.5"
Gini index,"SI.POV.GINI","Madagascar","MDG","42.6","NA","NA","NA","NA","NA","NA","NA","NA","NA","NA","NA"
Gini index,"SI.POV.GINI","Malawi","MWI","NA","NA","NA","NA","NA","NA","NA","NA","38.5","NA","NA","44.7"
Gini index,"SI.POV.GINI","Malaysia","MYS","NA","41.3","NA","41.1","NA","NA","40.7","NA","NA","41.2","NA","NA"
Gini index,"SI.POV.GINI","Maldives","MDV","NA","NA","NA","NA","NA","NA","NA","NA","29.3","NA","NA","31.3"
Gini index,"SI.POV.GINI","Mali","MLI","NA","NA","NA","NA","NA","NA","35.7","NA","NA","36","NA","NA"
Gini index,"SI.POV.GINI","Malta","MLT","29.4","28.8","29","29.4","NA","NA","NA","31.4","31","28.7","29.2","29.1"
Gini index,"SI.POV.GINI","Marshall Islands","MHL","NA","NA","NA","NA","NA","NA","NA","NA","35.5","NA","NA","NA"
Gini index,"SI.POV.GINI","Mauritania","MRT","NA","NA","32.6","NA","NA","NA","NA","NA","32","NA","NA","NA"
Gini index,"SI.POV.GINI","Mauritius","MUS","38.5","NA","NA","NA","NA","NA","NA","NA","NA","NA","36.8","NA"
Gini index,"SI.POV.GINI","Mexico","MEX","49.6","NA","48.9","NA","NA","43.5","NA","44.6","NA","46","NA","46.9"
Gini index,"SI.POV.GINI","Micronesia, Fed. Sts.","FSM","NA","40.1","NA","NA","NA","NA","NA","NA","NA","NA","NA","NA"
Gini index,"SI.POV.GINI","Moldova","MDA","29.2","28.5","26.8","27","NA","NA","25.7","NA","26","25.7","25.9","26.3"
Gini index,"SI.POV.GINI","Monaco","MCO","NA","NA","NA","NA","NA","NA","NA","NA","NA","NA","NA","NA"
Gini index,"SI.POV.GINI","Mongolia","MNG","33.8","NA","32","NA","NA","31.4","NA","NA","NA","32.7","NA","32.3"
Gini index,"SI.POV.GINI","Montenegro","MNE","41.2","39","38.8","39","NA","NA","34.3","35.4","35.7","36.8","36.9","38.5"
Gini index,"SI.POV.GINI","Morocco","MAR","NA","39.5","NA","NA","NA","NA","NA","NA","NA","NA","NA","NA"
Gini index,"SI.POV.GINI","Mozambique","MOZ","NA","NA","54","NA","NA","NA","NA","NA","50.3","NA","NA","NA"
Gini index,"SI.POV.GINI","Myanmar","MMR","NA","NA","NA","38.1","NA","NA","NA","NA","NA","NA","30.7","NA"
Gini index,"SI.POV.GINI","Namibia","NAM","NA","NA","NA","59.1","NA","NA","NA","NA","NA","NA","NA","NA"
Gini index,"SI.POV.GINI","Nauru","NRU","32.4","NA","NA","NA","NA","NA","NA","NA","NA","NA","NA","NA"
Gini index,"SI.POV.GINI","Nepal","NPL","NA","NA","NA","NA","NA","30","NA","NA","NA","NA","NA","NA"
Gini index,"SI.POV.GINI","Netherlands","NLD","27.6","28.1","28.6","28.2","NA","NA","25.7","26","29.2","28.1","28.5","28.2"
Gini index,"SI.POV.GINI","New Caledonia","NCL","NA","NA","NA","NA","NA","NA","NA","NA","NA","NA","NA","NA"
Gini index,"SI.POV.GINI","New Zealand","NZL","NA","NA","NA","NA","NA","NA","NA","NA","NA","NA","NA","NA"
Gini index,"SI.POV.GINI","Nicaragua","NIC","NA","NA","46.2","NA","NA","NA","NA","NA","NA","NA","NA","NA"
Gini index,"SI.POV.GINI","Niger","NER","NA","NA","34.3","NA","NA","NA","32.9","NA","NA","37.3","NA","NA"
Gini index,"SI.POV.GINI","Nigeria","NGA","35.5","NA","NA","35.9","NA","NA","NA","NA","NA","35.1","NA","NA"
Gini index,"SI.POV.GINI","Northern Mariana Islands","MNP","NA","NA","NA","NA","NA","NA","NA","NA","NA","NA","NA","NA"
Gini index,"SI.POV.GINI","Norway","NOR","25.7","26.4","26.8","27.5","NA","NA","NA","NA","27.7","27.6","27","28.5"
Gini index,"SI.POV.GINI","Oman","OMN","NA","NA","NA","NA","NA","NA","NA","NA","NA","NA","NA","NA"
Gini index,"SI.POV.GINI","Pakistan","PAK","NA","29.5","NA","31.3","NA","NA","NA","NA","NA","29.6","NA","NA"
Gini index,"SI.POV.GINI","Palau","PLW","NA","NA","NA","NA","NA","NA","NA","NA","NA","NA","NA","NA"
Gini index,"SI.POV.GINI","Panama","PAN","51.7","51.5","50.5","50.8","48.9","NA","50.9","NA","49.8","49.2","49.9","50.4"
Gini index,"SI.POV.GINI","Papua New Guinea","PNG","NA","NA","NA","NA","NA","NA","NA","NA","NA","NA","NA","NA"
Gini index,"SI.POV.GINI","Paraguay","PRY","47.6","47.9","50.7","47.6","NA","45.1","42.9","43.5","45.7","46","48.5","47.9"
Gini index,"SI.POV.GINI","Peru","PER","44.4","43.9","43.1","43.4","NA","40.3","40.1","43.7","41.5","42.4","43.3","43.6"
Gini index,"SI.POV.GINI","Philippines","PHL","46.5","NA","NA","44.6","NA","NA","40.7","NA","NA","42.3","NA","NA"
Gini index,"SI.POV.GINI","Poland","POL","33","33.1","32.8","31.8","NA","NA","28.5","28.5","28.8","30.2","29.7","31.2"
Gini index,"SI.POV.GINI","Portugal","PRT","36","36.2","35.6","35.5","NA","NA","34.6","34.7","32.8","33.5","33.8","35.2"
Gini index,"SI.POV.GINI","Puerto Rico","PRI","NA","NA","NA","NA","NA","NA","NA","NA","NA","NA","NA","NA"
Gini index,"SI.POV.GINI","Qatar","QAT","NA","NA","NA","NA","NA","NA","NA","NA","NA","NA","35.1","NA"
Gini index,"SI.POV.GINI","Romania","ROU","36.5","36.9","36","35.9","NA","NA","33.9","34.6","34.8","35.8","36","34.4"
Gini index,"SI.POV.GINI","Russian Federation","RUS","NA","NA","36.9","36.5","NA","NA","35.1","33.7","35.7","35.3","35.5","36.7"
Gini index,"SI.POV.GINI","Rwanda","RWA","NA","45.1","NA","NA","NA","NA","NA","NA","NA","NA","NA","43.7"
Gini index,"SI.POV.GINI","Samoa","WSM","NA","38.7","NA","NA","NA","NA","NA","NA","NA","NA","NA","NA"
Gini index,"SI.POV.GINI","San Marino","SMR","NA","NA","NA","NA","NA","NA","NA","NA","NA","NA","NA","NA"
Gini index,"SI.POV.GINI","Sao Tome and Principe","STP","NA","NA","NA","NA","NA","NA","NA","NA","NA","NA","40.7","NA"
Gini index,"SI.POV.GINI","Saudi Arabia","SAU","NA","NA","NA","NA","NA","NA","NA","NA","NA","NA","NA","NA"
Gini index,"SI.POV.GINI","Senegal","SEN","NA","NA","NA","NA","NA","NA","36.2","NA","NA","38.3","NA","NA"
Gini index,"SI.POV.GINI","Serbia","SRB","39.9","39.4","40.4","40.5","NA","NA","33.1","35","34.5","35","36.1","38.8"
Gini index,"SI.POV.GINI","Seychelles","SYC","NA","46.8","NA","NA","NA","NA","NA","NA","NA","32.1","NA","NA"
Gini index,"SI.POV.GINI","Sierra Leone","SLE","NA","NA","NA","NA","NA","NA","NA","NA","NA","35.7","NA","NA"
Gini index,"SI.POV.GINI","Singapore","SGP","NA","NA","NA","NA","NA","NA","NA","NA","NA","NA","NA","NA"
Gini index,"SI.POV.GINI","Sint Maarten (Dutch part)","SXM","NA","NA","NA","NA","NA","NA","NA","NA","NA","NA","NA","NA"
Gini index,"SI.POV.GINI","Slovak Republic","SVK","26.1","28.1","26.1","26.5","NA","NA","24.1","24.2","23.2","25","23.2","25.2"
Gini index,"SI.POV.GINI","Slovenia","SVN","25.6","26.2","25.7","25.4","NA","NA","24.3","24","24.4","24.6","24.2","24.8"
Gini index,"SI.POV.GINI","Solomon Islands","SLB","37.1","NA","NA","NA","NA","NA","NA","NA","NA","NA","NA","NA"
Gini index,"SI.POV.GINI","Somalia","SOM","NA","NA","NA","NA","NA","NA","NA","NA","NA","NA","NA","NA"
Gini index,"SI.POV.GINI","South Africa","ZAF","NA","NA","63","NA","NA","NA","NA","NA","NA","NA","NA","NA"
Gini index,"SI.POV.GINI","South Sudan","SSD","NA","NA","NA","NA","NA","NA","NA","NA","NA","NA","NA","44.1"
Gini index,"SI.POV.GINI","Spain","ESP","35.4","36.2","36.1","36.2","NA","NA","33.9","34.9","34.3","34.7","34.7","35.8"
Gini index,"SI.POV.GINI","Sri Lanka","LKA","38.7","NA","NA","NA","NA","NA","NA","NA","37.7","NA","NA","39.3"
Gini index,"SI.POV.GINI","St. Kitts and Nevis","KNA","NA","NA","NA","NA","NA","NA","NA","NA","NA","NA","NA","NA"
Gini index,"SI.POV.GINI","St. Lucia","LCA","NA","NA","NA","43.7","NA","NA","NA","NA","NA","NA","NA","NA"
Gini index,"SI.POV.GINI","St. Martin (French part)","MAF","NA","NA","NA","NA","NA","NA","NA","NA","NA","NA","NA","NA"
Gini index,"SI.POV.GINI","St. Vincent and the Grenadines","VCT","NA","NA","NA","NA","NA","NA","NA","NA","NA","NA","NA","NA"
Gini index,"SI.POV.GINI","Sudan","SDN","NA","NA","34.2","NA","NA","NA","NA","NA","NA","NA","NA","NA"
Gini index,"SI.POV.GINI","Suriname","SUR","NA","NA","NA","NA","NA","39.2","NA","NA","NA","NA","NA","NA"
Gini index,"SI.POV.GINI","Eswatini","SWZ","NA","NA","NA","NA","NA","NA","NA","NA","NA","NA","NA","54.6"
Gini index,"SI.POV.GINI","Sweden","SWE","27.6","28.8","28.4","29.2","NA","NA","29.8","28.9","29.3","30","28.8","29.6"
Gini index,"SI.POV.GINI","Switzerland","CHE","31.6","32.5","32.5","32.3","NA","NA","NA","33.7","34","33.1","32.7","33"
Gini index,"SI.POV.GINI","Syrian Arab Republic","SYR","NA","NA","NA","NA","NA","26.6","NA","NA","NA","NA","NA","NA"
Gini index,"SI.POV.GINI","Tajikistan","TJK","NA","NA","NA","34","NA","NA","NA","NA","NA","NA","NA","NA"
Gini index,"SI.POV.GINI","Tanzania","TZA","NA","NA","NA","NA","NA","NA","NA","NA","NA","40.5","NA","NA"
Gini index,"SI.POV.GINI","Thailand","THA","39.3","37.8","37","36","NA","NA","34.9","35","34.9","36.4","36.4","36.9"
Gini index,"SI.POV.GINI","Timor-Leste","TLS","NA","NA","28.7","NA","NA","NA","NA","NA","NA","NA","NA","NA"
Gini index,"SI.POV.GINI","Togo","TGO","NA","NA","NA","43","NA","NA","37.9","NA","NA","42.5","NA","NA"
Gini index,"SI.POV.GINI","Tonga","TON","NA","NA","NA","33.5","NA","NA","27.1","NA","NA","NA","NA","NA"
Gini index,"SI.POV.GINI","Trinidad and Tobago","TTO","NA","NA","NA","NA","NA","NA","NA","NA","NA","NA","NA","NA"
Gini index,"SI.POV.GINI","Tunisia","TUN","NA","NA","NA","32.8","NA","NA","33.7","NA","NA","NA","NA","NA"
Gini index,"SI.POV.GINI","Turkiye","TUR","NA","NA","NA","NA","NA","NA","44.4","43","43.8","42.4","43.5","NA"
Gini index,"SI.POV.GINI","Turkmenistan","TKM","NA","NA","NA","NA","NA","NA","NA","NA","NA","NA","NA","NA"
Gini index,"SI.POV.GINI","Turks and Caicos Islands","TCA","NA","NA","NA","NA","NA","NA","NA","NA","NA","NA","NA","NA"
Gini index,"SI.POV.GINI","Tuvalu","TUV","NA","NA","NA","NA","NA","NA","NA","NA","NA","NA","NA","NA"
Gini index,"SI.POV.GINI","Uganda","UGA","41","NA","NA","NA","NA","NA","NA","NA","42.7","NA","NA","42.8"
Gini index,"SI.POV.GINI","Ukraine","UKR","24.7","24.6","24","25.5","NA","NA","NA","25.6","26.6","26.1","26","25"
Gini index,"SI.POV.GINI","United Arab Emirates","ARE","NA","32.5","NA","NA","NA","NA","NA","NA","NA","26.4","NA","NA"
Gini index,"SI.POV.GINI","United Kingdom","GBR","33.1","32.7","33.1","33.3","NA","NA","32.4","32.6","32.8","33.7","32.6","33.1"
Gini index,"SI.POV.GINI","United States","USA","40.9","40.6","41.5","41.2","NA","41.3","39.7","39.7","41.5","41.4","41.2","41.1"
Gini index,"SI.POV.GINI","Uruguay","URY","39.9","40.5","40.1","40.1","NA","40.6","40.8","40.2","39.7","39.7","39.5","39.7"
Gini index,"SI.POV.GINI","Uzbekistan","UZB","NA","NA","NA","NA","NA","31.2","NA","NA","NA","NA","NA","NA"
Gini index,"SI.POV.GINI","Vanuatu","VUT","NA","NA","NA","NA","NA","NA","NA","NA","32.3","NA","NA","NA"
Gini index,"SI.POV.GINI","Venezuela, RB","VEN","NA","NA","NA","NA","NA","NA","NA","NA","NA","NA","NA","NA"
Gini index,"SI.POV.GINI","Viet Nam","VNM","35.6","NA","34.8","NA","NA","36.1","NA","36.8","NA","35.7","NA","35.3"
Gini index,"SI.POV.GINI","Virgin Islands (U.S.)","VIR","NA","NA","NA","NA","NA","NA","NA","NA","NA","NA","NA","NA"
Gini index,"SI.POV.GINI","West Bank and Gaza","PSE","NA","NA","NA","NA","NA","NA","NA","NA","NA","NA","NA","33.7"
Gini index,"SI.POV.GINI","Yemen, Rep.","YEM","NA","NA","36.7","NA","NA","NA","NA","NA","NA","NA","NA","NA"
Gini index,"SI.POV.GINI","Zambia","ZMB","NA","NA","NA","55.8","NA","51.5","NA","NA","NA","NA","NA","NA"
Gini index,"SI.POV.GINI","Zimbabwe","ZWE","NA","NA","NA","NA","NA","NA","NA","NA","50.3","NA","44.3","NA"
,"","","","","","","","","","","","","","",""
,"","","","","","","","","","","","","","",""
,"","","","","","","","","","","","","","",""
Data from database: World Development Indicators,"","","","","","","","","","","","","","",""
Last Updated: 12/16/2024,"","","","","","","","","","","","","","",""
