Series Name,"Series Code","Country Name","Country Code","2012 [YR2012]","2013 [YR2013]","2014 [YR2014]","2015 [YR2015]","2023 [YR2023]","2022 [YR2022]","2021 [YR2021]","2020 [YR2020]","2019 [YR2019]","2018 [YR2018]","2017 [YR2017]","2016 [YR2016]"
"Unemployment, total (% of total labor force) (national estimate)","SL.UEM.TOTL.NE.ZS","Afghanistan","AFG","1.692","NA","7.915","NA","NA","NA","5.679","11.71","NA","NA","11.184","NA"
"Unemployment, total (% of total labor force) (national estimate)","SL.UEM.TOTL.NE.ZS","Albania","ALB","13.376","15.866","18.055","17.193","NA","NA","NA","NA","11.466","12.304","13.616","15.418"
"Unemployment, total (% of total labor force) (national estimate)","SL.UEM.TOTL.NE.ZS","Algeria","DZA","10.97","9.82","10.207","11.206","NA","NA","NA","NA","NA","NA","12","10.202"
"Unemployment, total (% of total labor force) (national estimate)","SL.UEM.TOTL.NE.ZS","American Samoa","ASM","NA","NA","NA","NA","NA","NA","NA","NA","NA","NA","NA","NA"
"Unemployment, total (% of total labor force) (national estimate)","SL.UEM.TOTL.NE.ZS","Andorra","AND","NA","NA","NA","NA","NA","NA","NA","NA","NA","NA","NA","NA"
"Unemployment, total (% of total labor force) (national estimate)","SL.UEM.TOTL.NE.ZS","Angola","AGO","NA","NA","9.579","NA","NA","NA","15.799","NA","16.497","NA","NA","NA"
"Unemployment, total (% of total labor force) (national estimate)","SL.UEM.TOTL.NE.ZS","Antigua and Barbuda","ATG","NA","NA","NA","NA","NA","NA","NA","NA","NA","NA","NA","NA"
"Unemployment, total (% of total labor force) (national estimate)","SL.UEM.TOTL.NE.ZS","Argentina","ARG","7.217","7.1","7.268","NA","6.139","6.805","8.736","11.461","9.843","9.221","8.347","NA"
"Unemployment, total (% of total labor force) (national estimate)","SL.UEM.TOTL.NE.ZS","Armenia","ARM","17.511","16.576","17.499","18.261","NA","NA","8.418","8.055","9.794","10.589","17.705","17.617"
"Unemployment, total (% of total labor force) (national estimate)","SL.UEM.TOTL.NE.ZS","Aruba","ABW","NA","NA","NA","NA","NA","NA","NA","NA","NA","NA","NA","NA"
"Unemployment, total (% of total labor force) (national estimate)","SL.UEM.TOTL.NE.ZS","Australia","AUS","5.225","5.663","6.078","6.055","3.668","3.728","5.116","6.456","5.159","5.3","5.592","5.711"
"Unemployment, total (% of total labor force) (national estimate)","SL.UEM.TOTL.NE.ZS","Austria","AUT","4.909","5.367","5.674","5.802","5.264","4.992","6.459","5.201","4.56","4.933","5.561","6.064"
"Unemployment, total (% of total labor force) (national estimate)","SL.UEM.TOTL.NE.ZS","Azerbaijan","AZE","5.19","4.97","4.91","4.96","NA","5.65","6.04","7.24","5","4.9","5","5"
"Unemployment, total (% of total labor force) (national estimate)","SL.UEM.TOTL.NE.ZS","Bahamas, The","BHS","14.02","16.18","13.8","12","8.643","NA","NA","NA","9.336","10","9.8","12.7"
"Unemployment, total (% of total labor force) (national estimate)","SL.UEM.TOTL.NE.ZS","Bahrain","BHR","1.2","NA","NA","NA","NA","NA","NA","NA","NA","NA","NA","NA"
"Unemployment, total (% of total labor force) (national estimate)","SL.UEM.TOTL.NE.ZS","Bangladesh","BGD","NA","4.426","NA","NA","NA","4.593","NA","NA","NA","NA","4.372","4.35"
"Unemployment, total (% of total labor force) (national estimate)","SL.UEM.TOTL.NE.ZS","Barbados","BRB","NA","11.55","12.17","9.803","NA","NA","NA","NA","8.413","8.322","8.622","8.247"
"Unemployment, total (% of total labor force) (national estimate)","SL.UEM.TOTL.NE.ZS","Belarus","BLR","0.5","0.5","0.5","1","3.461","3.574","3.9","4.049","4.165","4.763","5.648","5.844"
"Unemployment, total (% of total labor force) (national estimate)","SL.UEM.TOTL.NE.ZS","Belgium","BEL","7.542","8.425","8.523","8.482","5.528","5.57","6.248","5.545","5.364","5.941","7.09","7.83"
"Unemployment, total (% of total labor force) (national estimate)","SL.UEM.TOTL.NE.ZS","Belize","BLZ","NA","8.349","8.244","7.578","NA","NA","NA","NA","9.053","NA","6.596","7"
"Unemployment, total (% of total labor force) (national estimate)","SL.UEM.TOTL.NE.ZS","Benin","BEN","NA","NA","NA","NA","NA","1.685","NA","NA","1.214","NA","NA","NA"
"Unemployment, total (% of total labor force) (national estimate)","SL.UEM.TOTL.NE.ZS","Bermuda","BMU","8.44","6.66","8.94","NA","NA","NA","NA","NA","NA","NA","NA","NA"
"Unemployment, total (% of total labor force) (national estimate)","SL.UEM.TOTL.NE.ZS","Bhutan","BTN","2.05","2.87","2.63","2.45","3.126","5.947","4.804","5.03","2.72","3.35","NA","NA"
"Unemployment, total (% of total labor force) (national estimate)","SL.UEM.TOTL.NE.ZS","Bolivia","BOL","2.066","2.437","2.021","3.111","3.024","3.552","5.089","7.903","3.682","3.519","3.655","3.498"
"Unemployment, total (% of total labor force) (national estimate)","SL.UEM.TOTL.NE.ZS","Bosnia and Herzegovina","BIH","28.01","27.49","27.517","27.695","10.668","12.657","14.897","15.868","15.692","18.4","20.527","25.408"
"Unemployment, total (% of total labor force) (national estimate)","SL.UEM.TOTL.NE.ZS","Botswana","BWA","NA","NA","NA","NA","23.381","23.615","23.106","21.017","20.094","NA","NA","NA"
"Unemployment, total (% of total labor force) (national estimate)","SL.UEM.TOTL.NE.ZS","Brazil","BRA","7.251","7.071","6.755","8.538","7.947","9.231","13.159","13.697","11.936","12.33","12.792","11.58"
"Unemployment, total (% of total labor force) (national estimate)","SL.UEM.TOTL.NE.ZS","British Virgin Islands","VGB","NA","NA","NA","NA","NA","NA","NA","NA","NA","NA","NA","NA"
"Unemployment, total (% of total labor force) (national estimate)","SL.UEM.TOTL.NE.ZS","Brunei Darussalam","BRN","NA","NA","6.862","NA","5.296","5.191","4.905","7.409","6.6","8.7","9.316","NA"
"Unemployment, total (% of total labor force) (national estimate)","SL.UEM.TOTL.NE.ZS","Bulgaria","BGR","12.27","12.941","11.424","9.143","4.319","4.268","5.267","5.125","4.23","5.211","6.164","7.575"
"Unemployment, total (% of total labor force) (national estimate)","SL.UEM.TOTL.NE.ZS","Burkina Faso","BFA","NA","NA","6.481","NA","5.348","1.927","NA","NA","1.56","4.695","NA","NA"
"Unemployment, total (% of total labor force) (national estimate)","SL.UEM.TOTL.NE.ZS","Burundi","BDI","NA","NA","1.572","NA","NA","NA","NA","1.03","NA","NA","NA","NA"
"Unemployment, total (% of total labor force) (national estimate)","SL.UEM.TOTL.NE.ZS","Cabo Verde","CPV","NA","NA","NA","31.313","NA","NA","NA","NA","11.29","12.17","12.24","NA"
"Unemployment, total (% of total labor force) (national estimate)","SL.UEM.TOTL.NE.ZS","Cambodia","KHM","1.279","0.438","0.692","0.393","NA","NA","0.396","0.172","0.499","NA","0.141","0.716"
"Unemployment, total (% of total labor force) (national estimate)","SL.UEM.TOTL.NE.ZS","Cameroon","CMR","NA","NA","3.534","NA","NA","NA","3.275","NA","NA","NA","NA","NA"
"Unemployment, total (% of total labor force) (national estimate)","SL.UEM.TOTL.NE.ZS","Canada","CAN","7.392","7.143","7.023","6.945","5.415","5.28","7.527","9.657","5.69","5.837","6.426","7.038"
"Unemployment, total (% of total labor force) (national estimate)","SL.UEM.TOTL.NE.ZS","Cayman Islands","CYM","6.21","6.27","4.7","4.24","NA","NA","NA","NA","NA","NA","NA","NA"
"Unemployment, total (% of total labor force) (national estimate)","SL.UEM.TOTL.NE.ZS","Central African Republic","CAF","NA","NA","NA","NA","NA","NA","NA","NA","NA","NA","NA","NA"
"Unemployment, total (% of total labor force) (national estimate)","SL.UEM.TOTL.NE.ZS","Chad","TCD","NA","NA","NA","NA","NA","NA","NA","NA","NA","1.135","NA","NA"
"Unemployment, total (% of total labor force) (national estimate)","SL.UEM.TOTL.NE.ZS","Channel Islands","CHI","NA","NA","NA","NA","NA","NA","NA","NA","NA","NA","NA","NA"
"Unemployment, total (% of total labor force) (national estimate)","SL.UEM.TOTL.NE.ZS","Chile","CHL","6.562","6.074","6.483","6.313","9.013","8.249","9.281","10.934","7.493","7.623","7.257","6.673"
"Unemployment, total (% of total labor force) (national estimate)","SL.UEM.TOTL.NE.ZS","China","CHN","4.1","4.05","4.1","NA","NA","NA","5.11","5.61","5.15","4.93","3.9","NA"
"Unemployment, total (% of total labor force) (national estimate)","SL.UEM.TOTL.NE.ZS","Colombia","COL","9.959","9.246","8.799","8.572","9.603","10.547","13.898","15.983","10.28","9.36","9.086","8.922"
"Unemployment, total (% of total labor force) (national estimate)","SL.UEM.TOTL.NE.ZS","Comoros","COM","NA","NA","8.143","NA","NA","NA","4.394","NA","NA","NA","NA","NA"
"Unemployment, total (% of total labor force) (national estimate)","SL.UEM.TOTL.NE.ZS","Congo, Dem. Rep.","COD","4.485","NA","NA","NA","NA","NA","NA","1.466","NA","NA","NA","NA"
"Unemployment, total (% of total labor force) (national estimate)","SL.UEM.TOTL.NE.ZS","Congo, Rep.","COG","10","NA","NA","NA","NA","NA","NA","NA","NA","NA","NA","NA"
"Unemployment, total (% of total labor force) (national estimate)","SL.UEM.TOTL.NE.ZS","Costa Rica","CRI","9.11","8.218","8.499","8.415","8.325","11.325","15.139","16.432","10.807","9.01","7.729","8.085"
"Unemployment, total (% of total labor force) (national estimate)","SL.UEM.TOTL.NE.ZS","Cote d'Ivoire","CIV","7.223","4.255","NA","NA","NA","2.306","NA","NA","2.401","NA","3.273","1.896"
"Unemployment, total (% of total labor force) (national estimate)","SL.UEM.TOTL.NE.ZS","Croatia","HRV","15.935","17.251","17.29","16.175","6.086","6.96","7.608","7.507","6.617","8.432","11.208","13.103"
"Unemployment, total (% of total labor force) (national estimate)","SL.UEM.TOTL.NE.ZS","Cuba","CUB","3.46","3.29","2.7","2.4","NA","NA","NA","NA","NA","1.7","1.7","2"
"Unemployment, total (% of total labor force) (national estimate)","SL.UEM.TOTL.NE.ZS","Curacao","CUW","NA","13.03","12.61","11.71","NA","NA","NA","19.07","NA","13.43","NA","NA"
"Unemployment, total (% of total labor force) (national estimate)","SL.UEM.TOTL.NE.ZS","Cyprus","CYP","12.097","16.131","16.277","15.026","6.098","6.807","7.513","7.755","7.155","8.504","11.155","13.006"
"Unemployment, total (% of total labor force) (national estimate)","SL.UEM.TOTL.NE.ZS","Czechia","CZE","6.979","6.953","6.108","5.048","2.58","2.224","2.803","2.551","2.015","2.246","2.893","3.952"
"Unemployment, total (% of total labor force) (national estimate)","SL.UEM.TOTL.NE.ZS","Denmark","DNK","7.798","7.384","6.925","6.278","5.094","4.434","5.043","5.637","5.018","5.131","5.833","5.989"
"Unemployment, total (% of total labor force) (national estimate)","SL.UEM.TOTL.NE.ZS","Djibouti","DJI","NA","NA","NA","NA","NA","NA","NA","NA","NA","NA","26.064","NA"
"Unemployment, total (% of total labor force) (national estimate)","SL.UEM.TOTL.NE.ZS","Dominica","DMA","NA","NA","NA","NA","NA","NA","NA","NA","NA","NA","NA","NA"
"Unemployment, total (% of total labor force) (national estimate)","SL.UEM.TOTL.NE.ZS","Dominican Republic","DOM","6.722","7.352","6.719","7.605","5.555","5.504","7.702","6.126","6.356","5.861","5.832","7.284"
"Unemployment, total (% of total labor force) (national estimate)","SL.UEM.TOTL.NE.ZS","Ecuador","ECU","3.235","3.083","3.48","3.616","3.51","3.761","4.552","6.127","3.812","3.53","3.836","4.597"
"Unemployment, total (% of total labor force) (national estimate)","SL.UEM.TOTL.NE.ZS","Egypt, Arab Rep.","EGY","12.597","13.154","13.105","13.052","NA","7.344","7.441","7.974","7.851","9.855","11.767","12.45"
"Unemployment, total (% of total labor force) (national estimate)","SL.UEM.TOTL.NE.ZS","El Salvador","SLV","3.843","3.693","4.154","3.998","2.992","2.999","4.327","5.008","4.17","4.006","4.385","4.418"
"Unemployment, total (% of total labor force) (national estimate)","SL.UEM.TOTL.NE.ZS","Equatorial Guinea","GNQ","NA","NA","NA","NA","NA","NA","NA","NA","NA","NA","NA","NA"
"Unemployment, total (% of total labor force) (national estimate)","SL.UEM.TOTL.NE.ZS","Eritrea","ERI","NA","NA","NA","NA","NA","NA","NA","NA","NA","NA","NA","NA"
"Unemployment, total (% of total labor force) (national estimate)","SL.UEM.TOTL.NE.ZS","Estonia","EST","10.021","8.631","7.352","6.412","6.378","5.571","6.178","6.956","4.514","5.412","5.807","6.882"
"Unemployment, total (% of total labor force) (national estimate)","SL.UEM.TOTL.NE.ZS","Ethiopia","ETH","NA","2.251","NA","NA","NA","NA","3.935","NA","NA","NA","NA","NA"
"Unemployment, total (% of total labor force) (national estimate)","SL.UEM.TOTL.NE.ZS","Faroe Islands","FRO","3.03","4.03","NA","NA","NA","NA","NA","NA","NA","NA","NA","NA"
"Unemployment, total (% of total labor force) (national estimate)","SL.UEM.TOTL.NE.ZS","Fiji","FJI","9","NA","6.17","NA","NA","NA","NA","NA","NA","NA","NA","4.32"
"Unemployment, total (% of total labor force) (national estimate)","SL.UEM.TOTL.NE.ZS","Finland","FIN","7.689","8.193","8.663","9.376","7.151","6.719","7.617","7.759","6.695","7.361","8.64","8.818"
"Unemployment, total (% of total labor force) (national estimate)","SL.UEM.TOTL.NE.ZS","France","FRA","9.841","9.913","10.273","10.354","7.335","7.308","7.874","8.01","8.415","9.018","9.41","10.057"
"Unemployment, total (% of total labor force) (national estimate)","SL.UEM.TOTL.NE.ZS","French Polynesia","PYF","NA","NA","NA","NA","NA","NA","NA","NA","NA","NA","NA","NA"
"Unemployment, total (% of total labor force) (national estimate)","SL.UEM.TOTL.NE.ZS","Gabon","GAB","NA","NA","NA","NA","NA","NA","NA","NA","NA","NA","NA","NA"
"Unemployment, total (% of total labor force) (national estimate)","SL.UEM.TOTL.NE.ZS","Gambia, The","GMB","10.346","NA","NA","NA","6.479","NA","NA","NA","NA","4.127","NA","NA"
"Unemployment, total (% of total labor force) (national estimate)","SL.UEM.TOTL.NE.ZS","Georgia","GEO","19.653","19.416","17.439","16.506","NA","NA","NA","11.734","11.565","12.667","13.939","16.604"
"Unemployment, total (% of total labor force) (national estimate)","SL.UEM.TOTL.NE.ZS","Germany","DEU","5.372","5.316","4.98","4.612","3.068","3.12","3.594","3.881","3.163","3.384","3.781","4.104"
"Unemployment, total (% of total labor force) (national estimate)","SL.UEM.TOTL.NE.ZS","Ghana","GHA","NA","2.173","NA","6.806","NA","3.084","3.195","NA","NA","NA","3.369","NA"
"Unemployment, total (% of total labor force) (national estimate)","SL.UEM.TOTL.NE.ZS","Gibraltar","GIB","NA","NA","NA","NA","NA","NA","NA","NA","NA","NA","NA","NA"
"Unemployment, total (% of total labor force) (national estimate)","SL.UEM.TOTL.NE.ZS","Greece","GRC","24.731","27.686","26.708","24.981","11.023","12.426","14.657","15.899","17.045","19.179","21.414","23.514"
"Unemployment, total (% of total labor force) (national estimate)","SL.UEM.TOTL.NE.ZS","Greenland","GRL","9.8","10.1","10.3","9.1","NA","NA","NA","NA","NA","NA","NA","NA"
"Unemployment, total (% of total labor force) (national estimate)","SL.UEM.TOTL.NE.ZS","Grenada","GRD","NA","24.2","24.5","22.9","NA","NA","NA","13.464","10.161","14.066","NA","NA"
"Unemployment, total (% of total labor force) (national estimate)","SL.UEM.TOTL.NE.ZS","Guam","GUM","12.2","11.5","7.6","6.9","NA","NA","NA","NA","NA","NA","NA","5.4"
"Unemployment, total (% of total labor force) (national estimate)","SL.UEM.TOTL.NE.ZS","Guatemala","GTM","2.765","3.017","2.717","2.506","2.344","3.051","2.174","NA","2.193","2.283","2.462","2.583"
"Unemployment, total (% of total labor force) (national estimate)","SL.UEM.TOTL.NE.ZS","Guinea","GIN","NA","NA","NA","NA","NA","NA","NA","NA","5.018","NA","NA","NA"
"Unemployment, total (% of total labor force) (national estimate)","SL.UEM.TOTL.NE.ZS","Guinea-Bissau","GNB","NA","NA","NA","NA","NA","2.666","NA","NA","2.413","3.127","NA","NA"
"Unemployment, total (% of total labor force) (national estimate)","SL.UEM.TOTL.NE.ZS","Guyana","GUY","NA","NA","NA","NA","NA","NA","NA","NA","13.172","13.627","NA","NA"
"Unemployment, total (% of total labor force) (national estimate)","SL.UEM.TOTL.NE.ZS","Haiti","HTI","14.1","NA","NA","NA","NA","NA","NA","NA","NA","NA","NA","NA"
"Unemployment, total (% of total labor force) (national estimate)","SL.UEM.TOTL.NE.ZS","Honduras","HND","3.755","5.646","7.078","6.147","6.071","8.774","8.506","10.983","5.698","5.648","5.528","6.727"
"Unemployment, total (% of total labor force) (national estimate)","SL.UEM.TOTL.NE.ZS","Hong Kong SAR, China","HKG","3.285","3.4","3.296","3.314","2.949","4.318","5.174","5.808","2.917","2.805","3.124","3.392"
"Unemployment, total (% of total labor force) (national estimate)","SL.UEM.TOTL.NE.ZS","Hungary","HUN","11.003","10.177","7.725","6.813","4.107","3.609","4.045","4.25","3.419","3.709","4.156","5.115"
"Unemployment, total (% of total labor force) (national estimate)","SL.UEM.TOTL.NE.ZS","Iceland","ISL","6","5.376","4.897","3.979","3.518","3.789","6.029","5.478","3.507","2.704","2.742","2.978"
"Unemployment, total (% of total labor force) (national estimate)","SL.UEM.TOTL.NE.ZS","India","IND","3.222","NA","NA","NA","4.172","4.822","6.38","7.859","6.51","7.652","NA","NA"
"Unemployment, total (% of total labor force) (national estimate)","SL.UEM.TOTL.NE.ZS","Indonesia","IDN","4.468","4.336","4.049","4.514","3.308","3.462","3.827","4.255","3.59","4.387","3.783","4.301"
"Unemployment, total (% of total labor force) (national estimate)","SL.UEM.TOTL.NE.ZS","Iran, Islamic Rep.","IRN","12.275","10.595","10.68","11.166","NA","9.085","9.282","9.687","10.74","12.195","12.232","12.618"
"Unemployment, total (% of total labor force) (national estimate)","SL.UEM.TOTL.NE.ZS","Iraq","IRQ","7.965","NA","10.59","NA","NA","NA","16.173","NA","NA","NA","13.02","10.82"
"Unemployment, total (% of total labor force) (national estimate)","SL.UEM.TOTL.NE.ZS","Ireland","IRL","15.451","13.735","11.858","9.908","4.288","4.501","6.364","5.623","4.95","5.741","6.713","8.374"
"Unemployment, total (% of total labor force) (national estimate)","SL.UEM.TOTL.NE.ZS","Isle of Man","IMN","NA","2.598","1.98","NA","NA","NA","NA","NA","NA","NA","NA","2.67"
"Unemployment, total (% of total labor force) (national estimate)","SL.UEM.TOTL.NE.ZS","Israel","ISR","6.762","6.137","5.789","5.176","3.371","3.695","4.812","4.169","3.731","3.917","4.14","4.723"
"Unemployment, total (% of total labor force) (national estimate)","SL.UEM.TOTL.NE.ZS","Italy","ITA","10.655","12.149","12.683","11.896","7.627","8.069","9.497","9.164","9.952","10.61","11.211","11.688"
"Unemployment, total (% of total labor force) (national estimate)","SL.UEM.TOTL.NE.ZS","Jamaica","JAM","8.695","9.698","9.046","13.511","3.022","4.083","5.188","6.501","4.987","5.47","7.399","8.634"
"Unemployment, total (% of total labor force) (national estimate)","SL.UEM.TOTL.NE.ZS","Japan","JPN","4.358","4.038","3.589","3.385","2.6","2.6","2.828","2.809","2.351","2.467","2.822","3.132"
"Unemployment, total (% of total labor force) (national estimate)","SL.UEM.TOTL.NE.ZS","Jordan","JOR","12.2","12.6","11.9","13.075","NA","18.2","19.837","19.213","16.801","18.257","18.12","15.275"
"Unemployment, total (% of total labor force) (national estimate)","SL.UEM.TOTL.NE.ZS","Kazakhstan","KAZ","5.29","5.2","5.06","4.93","NA","4.86","NA","4.89","4.8","4.85","4.9","4.96"
"Unemployment, total (% of total labor force) (national estimate)","SL.UEM.TOTL.NE.ZS","Kenya","KEN","NA","NA","NA","NA","NA","NA","5.693","NA","5.014","NA","NA","2.757"
"Unemployment, total (% of total labor force) (national estimate)","SL.UEM.TOTL.NE.ZS","Kiribati","KIR","NA","NA","NA","9.335","NA","NA","NA","10.971","8.557","NA","NA","NA"
"Unemployment, total (% of total labor force) (national estimate)","SL.UEM.TOTL.NE.ZS","Korea, Dem. People's Rep.","PRK","NA","NA","NA","NA","NA","NA","NA","NA","NA","NA","NA","NA"
"Unemployment, total (% of total labor force) (national estimate)","SL.UEM.TOTL.NE.ZS","Korea, Rep.","KOR","2.812","2.747","3.082","3.546","2.675","2.857","3.639","3.931","3.746","3.824","3.653","3.65"
"Unemployment, total (% of total labor force) (national estimate)","SL.UEM.TOTL.NE.ZS","Kosovo","XKX","30.879","29.766","35.264","32.84","NA","12.093","20.392","25.459","25.069","27.761","30.344","27.491"
"Unemployment, total (% of total labor force) (national estimate)","SL.UEM.TOTL.NE.ZS","Kuwait","KWT","NA","NA","2.9","2.2","NA","NA","NA","NA","NA","NA","NA","2.16"
"Unemployment, total (% of total labor force) (national estimate)","SL.UEM.TOTL.NE.ZS","Kyrgyz Republic","KGZ","4.67","4.296","4.051","3.364","NA","3.94","4.096","4.63","4.295","3.67","2.655","3.249"
"Unemployment, total (% of total labor force) (national estimate)","SL.UEM.TOTL.NE.ZS","Lao PDR","LAO","NA","NA","NA","NA","NA","1.209","NA","NA","NA","NA","3.269","NA"
"Unemployment, total (% of total labor force) (national estimate)","SL.UEM.TOTL.NE.ZS","Latvia","LVA","15.047","11.867","10.846","9.873","6.465","6.815","7.513","8.098","6.312","7.412","8.715","9.643"
"Unemployment, total (% of total labor force) (national estimate)","SL.UEM.TOTL.NE.ZS","Lebanon","LBN","NA","NA","NA","NA","NA","NA","NA","NA","11.301","NA","NA","NA"
"Unemployment, total (% of total labor force) (national estimate)","SL.UEM.TOTL.NE.ZS","Lesotho","LSO","NA","24.58","NA","NA","NA","NA","NA","NA","16.876","NA","NA","NA"
"Unemployment, total (% of total labor force) (national estimate)","SL.UEM.TOTL.NE.ZS","Liberia","LBR","NA","NA","2.079","NA","NA","NA","NA","NA","NA","NA","5.938","3.081"
"Unemployment, total (% of total labor force) (national estimate)","SL.UEM.TOTL.NE.ZS","Libya","LBY","19.03","NA","NA","NA","NA","NA","NA","NA","NA","NA","NA","NA"
"Unemployment, total (% of total labor force) (national estimate)","SL.UEM.TOTL.NE.ZS","Liechtenstein","LIE","NA","NA","NA","NA","NA","NA","NA","NA","NA","NA","NA","NA"
"Unemployment, total (% of total labor force) (national estimate)","SL.UEM.TOTL.NE.ZS","Lithuania","LTU","13.365","11.77","10.698","9.12","6.841","5.956","7.112","8.487","6.255","6.147","7.073","7.862"
"Unemployment, total (% of total labor force) (national estimate)","SL.UEM.TOTL.NE.ZS","Luxembourg","LUX","5.03","6.045","6.044","6.796","5.184","4.588","5.571","6.766","5.592","5.589","5.523","6.669"
"Unemployment, total (% of total labor force) (national estimate)","SL.UEM.TOTL.NE.ZS","Macao SAR, China","MAC","1.97","1.82","1.67","1.81","NA","NA","NA","2.566","1.749","1.834","1.987","1.939"
"Unemployment, total (% of total labor force) (national estimate)","SL.UEM.TOTL.NE.ZS","North Macedonia","MKD","31.096","29.017","28.215","26.395","13.174","14.477","15.801","16.575","17.414","21.208","22.857","24.312"
"Unemployment, total (% of total labor force) (national estimate)","SL.UEM.TOTL.NE.ZS","Madagascar","MDG","0.599","NA","NA","1.785","NA","3.186","NA","NA","NA","NA","NA","NA"
"Unemployment, total (% of total labor force) (national estimate)","SL.UEM.TOTL.NE.ZS","Malawi","MWI","NA","4.978","NA","NA","NA","NA","NA","0.907","NA","NA","3.77","NA"
"Unemployment, total (% of total labor force) (national estimate)","SL.UEM.TOTL.NE.ZS","Malaysia","MYS","3.1","3.16","2.88","3.1","NA","3.93","4.64","4.54","3.26","3.3","3.41","3.44"
"Unemployment, total (% of total labor force) (national estimate)","SL.UEM.TOTL.NE.ZS","Maldives","MDV","NA","NA","3.846","NA","NA","NA","NA","NA","4.562","NA","NA","5.771"
"Unemployment, total (% of total labor force) (national estimate)","SL.UEM.TOTL.NE.ZS","Mali","MLI","NA","6.351","6.376","7.729","NA","2.387","NA","3.528","3.29","1.62","7.414","1.367"
"Unemployment, total (% of total labor force) (national estimate)","SL.UEM.TOTL.NE.ZS","Malta","MLT","6.203","6.115","5.737","5.389","3.11","2.929","3.403","4.357","3.627","3.665","4.008","4.694"
"Unemployment, total (% of total labor force) (national estimate)","SL.UEM.TOTL.NE.ZS","Marshall Islands","MHL","NA","NA","NA","NA","NA","NA","9.823","NA","6.342","NA","NA","NA"
"Unemployment, total (% of total labor force) (national estimate)","SL.UEM.TOTL.NE.ZS","Mauritania","MRT","9.865","NA","NA","NA","NA","NA","NA","NA","10.416","NA","10.336","NA"
"Unemployment, total (% of total labor force) (national estimate)","SL.UEM.TOTL.NE.ZS","Mauritius","MUS","7.472","7.322","7.467","7.41","5.571","6.322","7.719","8.627","6.331","6.427","6.752","6.814"
"Unemployment, total (% of total labor force) (national estimate)","SL.UEM.TOTL.NE.ZS","Mexico","MEX","4.892","4.921","4.819","4.311","2.765","3.256","4.019","4.441","3.477","3.275","3.419","3.853"
"Unemployment, total (% of total labor force) (national estimate)","SL.UEM.TOTL.NE.ZS","Micronesia, Fed. Sts.","FSM","NA","NA","8.863","NA","NA","NA","NA","NA","NA","NA","NA","NA"
"Unemployment, total (% of total labor force) (national estimate)","SL.UEM.TOTL.NE.ZS","Moldova","MDA","2.151","1.873","1.425","1.742","1.555","0.897","0.785","1.186","1.466","1.196","1.586","1.557"
"Unemployment, total (% of total labor force) (national estimate)","SL.UEM.TOTL.NE.ZS","Monaco","MCO","NA","NA","NA","NA","NA","NA","NA","NA","NA","NA","NA","6.33"
"Unemployment, total (% of total labor force) (national estimate)","SL.UEM.TOTL.NE.ZS","Mongolia","MNG","3.905","4.231","4.798","4.861","5.178","5.954","7.871","6.413","9.024","5.377","6.359","7.235"
"Unemployment, total (% of total labor force) (national estimate)","SL.UEM.TOTL.NE.ZS","Montenegro","MNE","19.808","19.585","18.054","17.555","NA","14.852","16.543","17.878","15.128","15.19","16.082","17.732"
"Unemployment, total (% of total labor force) (national estimate)","SL.UEM.TOTL.NE.ZS","Morocco","MAR","8.99","9.23","9.7","9.46","NA","11.79","12.28","NA","NA","NA","NA","9.3"
"Unemployment, total (% of total labor force) (national estimate)","SL.UEM.TOTL.NE.ZS","Mozambique","MOZ","NA","NA","NA","3.426","NA","NA","NA","NA","NA","NA","NA","NA"
"Unemployment, total (% of total labor force) (national estimate)","SL.UEM.TOTL.NE.ZS","Myanmar","MMR","NA","NA","NA","0.766","NA","NA","NA","1.476","0.407","0.767","1.356","NA"
"Unemployment, total (% of total labor force) (national estimate)","SL.UEM.TOTL.NE.ZS","Namibia","NAM","16.771","19.028","18.521","NA","NA","NA","NA","NA","NA","19.877","NA","23.352"
"Unemployment, total (% of total labor force) (national estimate)","SL.UEM.TOTL.NE.ZS","Nauru","NRU","NA","13.282","NA","NA","NA","NA","5.056","NA","NA","NA","NA","NA"
"Unemployment, total (% of total labor force) (national estimate)","SL.UEM.TOTL.NE.ZS","Nepal","NPL","NA","NA","NA","3.1","NA","NA","NA","NA","NA","NA","10.66","NA"
"Unemployment, total (% of total labor force) (national estimate)","SL.UEM.TOTL.NE.ZS","Netherlands","NLD","5.821","7.241","7.419","6.872","3.537","3.526","4.209","3.82","3.379","3.832","4.837","6.007"
"Unemployment, total (% of total labor force) (national estimate)","SL.UEM.TOTL.NE.ZS","New Caledonia","NCL","NA","NA","14.59","NA","NA","10.71","NA","13.558","10.881","11.702","11.676","NA"
"Unemployment, total (% of total labor force) (national estimate)","SL.UEM.TOTL.NE.ZS","New Zealand","NZL","6.931","5.839","5.428","5.415","3.729","3.297","3.776","4.595","4.109","4.335","4.736","5.147"
"Unemployment, total (% of total labor force) (national estimate)","SL.UEM.TOTL.NE.ZS","Nicaragua","NIC","5.208","5.28","4.52","4.7","NA","NA","NA","NA","NA","5.2","3.3","3.9"
"Unemployment, total (% of total labor force) (national estimate)","SL.UEM.TOTL.NE.ZS","Niger","NER","2.177","NA","0.524","NA","NA","0.418","NA","NA","0.532","NA","7.769","NA"
"Unemployment, total (% of total labor force) (national estimate)","SL.UEM.TOTL.NE.ZS","Nigeria","NGA","NA","3.711","4.562","4.311","NA","3.821","NA","NA","10.695","NA","8.389","7.06"
"Unemployment, total (% of total labor force) (national estimate)","SL.UEM.TOTL.NE.ZS","Northern Mariana Islands","MNP","NA","NA","NA","NA","NA","NA","NA","NA","NA","NA","NA","NA"
"Unemployment, total (% of total labor force) (national estimate)","SL.UEM.TOTL.NE.ZS","Norway","NOR","3.129","3.425","3.486","4.296","3.573","3.231","4.359","4.424","3.684","3.801","4.164","4.68"
"Unemployment, total (% of total labor force) (national estimate)","SL.UEM.TOTL.NE.ZS","Oman","OMN","NA","NA","NA","NA","NA","3.3","1.9","2.94","NA","1.8","NA","3.266"
"Unemployment, total (% of total labor force) (national estimate)","SL.UEM.TOTL.NE.ZS","Pakistan","PAK","3.667","2.954","1.827","3.566","NA","NA","6.338","NA","4.83","4.083","NA","2.286"
"Unemployment, total (% of total labor force) (national estimate)","SL.UEM.TOTL.NE.ZS","Palau","PLW","NA","NA","1.357","NA","NA","NA","NA","0.765","NA","NA","NA","NA"
"Unemployment, total (% of total labor force) (national estimate)","SL.UEM.TOTL.NE.ZS","Panama","PAN","3.714","3.732","4.444","4.402","6.678","8.281","10.293","18.548","6.409","5.313","5.461","4.843"
"Unemployment, total (% of total labor force) (national estimate)","SL.UEM.TOTL.NE.ZS","Papua New Guinea","PNG","NA","NA","NA","NA","NA","2.689","NA","NA","NA","NA","NA","NA"
"Unemployment, total (% of total labor force) (national estimate)","SL.UEM.TOTL.NE.ZS","Paraguay","PRY","4.086","4.385","5.034","4.556","5.794","6.755","7.311","7.548","6.595","6.217","6.138","5.255"
"Unemployment, total (% of total labor force) (national estimate)","SL.UEM.TOTL.NE.ZS","Peru","PER","3.238","3.575","3.208","3.272","4.899","4.291","5.097","7.179","3.379","3.492","3.691","3.741"
"Unemployment, total (% of total labor force) (national estimate)","SL.UEM.TOTL.NE.ZS","Philippines","PHL","3.504","3.497","3.6","3.068","NA","2.598","3.398","2.522","2.237","2.338","2.552","2.695"
"Unemployment, total (% of total labor force) (national estimate)","SL.UEM.TOTL.NE.ZS","Poland","POL","10.031","10.293","8.971","7.475","2.743","2.811","3.268","3.155","3.267","3.835","4.867","6.141"
"Unemployment, total (% of total labor force) (national estimate)","SL.UEM.TOTL.NE.ZS","Portugal","PRT","15.531","16.188","13.897","12.447","6.509","6.011","6.577","6.801","6.464","6.994","8.869","11.068"
"Unemployment, total (% of total labor force) (national estimate)","SL.UEM.TOTL.NE.ZS","Puerto Rico","PRI","14.5","14.3","13.9","12","NA","6","7.9","NA","8.3","9.2","10.8","11.8"
"Unemployment, total (% of total labor force) (national estimate)","SL.UEM.TOTL.NE.ZS","Qatar","QAT","0.48","0.28","0.2","0.17","NA","0.13","0.14","0.14","0.1","0.11","0.14","0.15"
"Unemployment, total (% of total labor force) (national estimate)","SL.UEM.TOTL.NE.ZS","Romania","ROU","6.794","7.096","6.802","6.812","5.592","5.614","5.59","5.035","3.912","4.187","4.927","5.901"
"Unemployment, total (% of total labor force) (national estimate)","SL.UEM.TOTL.NE.ZS","Russian Federation","RUS","5.484","5.513","5.212","5.615","3.076","3.867","4.749","5.62","4.513","4.871","5.238","5.591"
"Unemployment, total (% of total labor force) (national estimate)","SL.UEM.TOTL.NE.ZS","Rwanda","RWA","NA","NA","1.169","NA","12.352","15.084","15.775","11.829","11.236","10.759","11.875","NA"
"Unemployment, total (% of total labor force) (national estimate)","SL.UEM.TOTL.NE.ZS","Samoa","WSM","8.752","NA","8.72","NA","NA","5.048","NA","NA","NA","NA","9.4","NA"
"Unemployment, total (% of total labor force) (national estimate)","SL.UEM.TOTL.NE.ZS","San Marino","SMR","5.19","6.08","6.61","7.38","NA","4.91","6.34","7.23","7.54","7.83","7.89","6.45"
"Unemployment, total (% of total labor force) (national estimate)","SL.UEM.TOTL.NE.ZS","Sao Tome and Principe","STP","13.59","NA","NA","NA","NA","NA","NA","NA","NA","NA","8.808","NA"
"Unemployment, total (% of total labor force) (national estimate)","SL.UEM.TOTL.NE.ZS","Saudi Arabia","SAU","5.622","5.6","5.877","5.6","4.008","5.589","6.621","7.66","5.636","6.029","5.89","5.6"
"Unemployment, total (% of total labor force) (national estimate)","SL.UEM.TOTL.NE.ZS","Senegal","SEN","NA","NA","NA","6.757","NA","2.837","NA","NA","2.863","NA","4.078","4.455"
"Unemployment, total (% of total labor force) (national estimate)","SL.UEM.TOTL.NE.ZS","Serbia","SRB","24","22.154","19.223","17.66","8.268","8.439","9.843","9.011","10.395","12.733","13.477","15.257"
"Unemployment, total (% of total labor force) (national estimate)","SL.UEM.TOTL.NE.ZS","Seychelles","SYC","NA","NA","3.841","4.151","2.934","NA","NA","4.311","2.966","3.528","3.715","3.965"
"Unemployment, total (% of total labor force) (national estimate)","SL.UEM.TOTL.NE.ZS","Sierra Leone","SLE","NA","NA","4.678","NA","NA","NA","NA","NA","NA","3.193","NA","NA"
"Unemployment, total (% of total labor force) (national estimate)","SL.UEM.TOTL.NE.ZS","Singapore","SGP","3.72","3.86","3.74","3.79","3.444","3.591","4.64","4.1","3.1","NA","4.2","4.08"
"Unemployment, total (% of total labor force) (national estimate)","SL.UEM.TOTL.NE.ZS","Sint Maarten (Dutch part)","SXM","NA","NA","NA","NA","NA","NA","NA","NA","NA","NA","NA","NA"
"Unemployment, total (% of total labor force) (national estimate)","SL.UEM.TOTL.NE.ZS","Slovak Republic","SVK","13.966","14.227","11.537","11.492","5.841","6.143","6.894","6.719","5.761","6.544","8.142","9.679"
"Unemployment, total (% of total labor force) (national estimate)","SL.UEM.TOTL.NE.ZS","Slovenia","SVN","8.841","10.103","9.668","8.962","3.652","4.011","4.744","4.971","4.446","5.108","6.565","8"
"Unemployment, total (% of total labor force) (national estimate)","SL.UEM.TOTL.NE.ZS","Solomon Islands","SLB","NA","0.694","NA","NA","NA","NA","NA","NA","NA","NA","NA","NA"
"Unemployment, total (% of total labor force) (national estimate)","SL.UEM.TOTL.NE.ZS","Somalia","SOM","NA","NA","NA","NA","NA","NA","NA","NA","18.828","NA","NA","NA"
"Unemployment, total (% of total labor force) (national estimate)","SL.UEM.TOTL.NE.ZS","South Africa","ZAF","24.727","24.561","24.89","25.149","32.098","33.268","34.007","29.217","28.468","26.906","27.035","26.537"
"Unemployment, total (% of total labor force) (national estimate)","SL.UEM.TOTL.NE.ZS","South Sudan","SSD","NA","NA","NA","NA","NA","NA","NA","NA","NA","NA","NA","NA"
"Unemployment, total (% of total labor force) (national estimate)","SL.UEM.TOTL.NE.ZS","Spain","ESP","24.789","26.094","24.441","22.057","12.179","12.917","14.781","15.532","14.105","15.255","17.224","19.635"
"Unemployment, total (% of total labor force) (national estimate)","SL.UEM.TOTL.NE.ZS","Sri Lanka","LKA","3.88","4.186","4.157","4.519","NA","4.528","4.981","5.365","4.67","4.318","4.046","4.243"
"Unemployment, total (% of total labor force) (national estimate)","SL.UEM.TOTL.NE.ZS","St. Kitts and Nevis","KNA","NA","NA","NA","NA","NA","NA","NA","NA","NA","NA","NA","NA"
"Unemployment, total (% of total labor force) (national estimate)","SL.UEM.TOTL.NE.ZS","St. Lucia","LCA","19.06","22.21","NA","NA","NA","15.934","20.514","25.225","15.613","19.329","19.136","NA"
"Unemployment, total (% of total labor force) (national estimate)","SL.UEM.TOTL.NE.ZS","St. Martin (French part)","MAF","NA","NA","NA","NA","NA","NA","NA","NA","NA","NA","NA","NA"
"Unemployment, total (% of total labor force) (national estimate)","SL.UEM.TOTL.NE.ZS","St. Vincent and the Grenadines","VCT","NA","NA","NA","NA","NA","NA","NA","NA","NA","NA","NA","NA"
"Unemployment, total (% of total labor force) (national estimate)","SL.UEM.TOTL.NE.ZS","Sudan","SDN","NA","NA","NA","NA","NA","7.53","NA","NA","NA","NA","NA","NA"
"Unemployment, total (% of total labor force) (national estimate)","SL.UEM.TOTL.NE.ZS","Suriname","SUR","8.1","6.6","6.94","7.22","NA","NA","NA","NA","NA","NA","NA","7.917"
"Unemployment, total (% of total labor force) (national estimate)","SL.UEM.TOTL.NE.ZS","Eswatini","SWZ","NA","NA","NA","NA","NA","NA","34.153","NA","NA","NA","NA","22.718"
"Unemployment, total (% of total labor force) (national estimate)","SL.UEM.TOTL.NE.ZS","Sweden","SWE","7.976","8.052","7.954","7.432","7.611","7.392","8.722","8.291","6.833","6.365","6.718","6.99"
"Unemployment, total (% of total labor force) (national estimate)","SL.UEM.TOTL.NE.ZS","Switzerland","CHE","4.491","4.747","4.826","4.801","4.043","4.122","5.013","4.817","4.394","4.713","4.797","4.918"
"Unemployment, total (% of total labor force) (national estimate)","SL.UEM.TOTL.NE.ZS","Syrian Arab Republic","SYR","NA","NA","NA","NA","NA","NA","NA","NA","NA","NA","NA","NA"
"Unemployment, total (% of total labor force) (national estimate)","SL.UEM.TOTL.NE.ZS","Tajikistan","TJK","NA","NA","NA","NA","NA","NA","NA","NA","NA","NA","NA","NA"
"Unemployment, total (% of total labor force) (national estimate)","SL.UEM.TOTL.NE.ZS","Tanzania","TZA","1.437","2.93","2.125","NA","NA","NA","NA","2.781","NA","NA","NA","NA"
"Unemployment, total (% of total labor force) (national estimate)","SL.UEM.TOTL.NE.ZS","Thailand","THA","0.58","0.249","0.576","0.597","0.733","0.94","1.215","1.099","0.716","0.766","0.83","0.688"
"Unemployment, total (% of total labor force) (national estimate)","SL.UEM.TOTL.NE.ZS","Timor-Leste","TLS","NA","4.05","NA","3.678","NA","1.537","2.344","NA","NA","NA","NA","4.657"
"Unemployment, total (% of total labor force) (national estimate)","SL.UEM.TOTL.NE.ZS","Togo","TGO","NA","NA","NA","2.204","NA","1.965","NA","NA","2.036","NA","3.744","NA"
"Unemployment, total (% of total labor force) (national estimate)","SL.UEM.TOTL.NE.ZS","Tonga","TON","NA","NA","NA","NA","NA","NA","2.111","NA","NA","2.248","NA","NA"
"Unemployment, total (% of total labor force) (national estimate)","SL.UEM.TOTL.NE.ZS","Trinidad and Tobago","TTO","3.718","2.683","2.477","2.428","NA","4.383","4.446","4.206","3.523","NA","NA","3.207"
"Unemployment, total (% of total labor force) (national estimate)","SL.UEM.TOTL.NE.ZS","Tunisia","TUN","17.63","15.934","14.259","15.159","15.106","15.301","NA","NA","17.153","15.459","15.33","15.557"
"Unemployment, total (% of total labor force) (national estimate)","SL.UEM.TOTL.NE.ZS","Turkiye","TUR","9.21","9.713","9.901","10.304","9.388","10.465","11.969","13.148","13.73","10.956","10.919","10.899"
"Unemployment, total (% of total labor force) (national estimate)","SL.UEM.TOTL.NE.ZS","Turkmenistan","TKM","NA","NA","NA","NA","NA","NA","NA","NA","NA","NA","NA","NA"
"Unemployment, total (% of total labor force) (national estimate)","SL.UEM.TOTL.NE.ZS","Turks and Caicos Islands","TCA","NA","NA","NA","NA","NA","NA","NA","NA","NA","NA","NA","NA"
"Unemployment, total (% of total labor force) (national estimate)","SL.UEM.TOTL.NE.ZS","Tuvalu","TUV","NA","NA","NA","NA","NA","7.318","NA","NA","NA","NA","26.553","8.489"
"Unemployment, total (% of total labor force) (national estimate)","SL.UEM.TOTL.NE.ZS","Uganda","UGA","3.551","1.91","1.566","NA","NA","NA","3.422","NA","2.563","NA","3.428","NA"
"Unemployment, total (% of total labor force) (national estimate)","SL.UEM.TOTL.NE.ZS","Ukraine","UKR","7.529","7.17","9.27","9.14","NA","NA","9.834","9.475","8.194","8.799","9.5","9.35"
"Unemployment, total (% of total labor force) (national estimate)","SL.UEM.TOTL.NE.ZS","United Arab Emirates","ARE","NA","NA","NA","NA","2.151","2.873","3.105","4.294","2.331","2.236","2.462","1.64"
"Unemployment, total (% of total labor force) (national estimate)","SL.UEM.TOTL.NE.ZS","United Kingdom","GBR","8.279","7.752","6.398","5.552","4.025","3.768","4.865","4.518","3.657","4.145","4.501","4.909"
"Unemployment, total (% of total labor force) (national estimate)","SL.UEM.TOTL.NE.ZS","United States","USA","8.069","7.375","6.168","5.28","3.638","3.65","5.349","8.055","3.669","3.896","4.355","4.869"
"Unemployment, total (% of total labor force) (national estimate)","SL.UEM.TOTL.NE.ZS","Uruguay","URY","6.451","6.444","6.547","7.488","9.458","7.877","9.328","10.413","8.836","8.336","7.89","7.841"
"Unemployment, total (% of total labor force) (national estimate)","SL.UEM.TOTL.NE.ZS","Uzbekistan","UZB","4.87","4.86","5.09","5.15","NA","NA","NA","5.293","8.98","9.35","5.83","5.16"
"Unemployment, total (% of total labor force) (national estimate)","SL.UEM.TOTL.NE.ZS","Vanuatu","VUT","NA","NA","NA","NA","NA","NA","NA","4.046","5.445","NA","NA","NA"
"Unemployment, total (% of total labor force) (national estimate)","SL.UEM.TOTL.NE.ZS","Venezuela, RB","VEN","6.601","NA","NA","NA","NA","NA","NA","7.53","NA","NA","5.045","5.319"
"Unemployment, total (% of total labor force) (national estimate)","SL.UEM.TOTL.NE.ZS","Viet Nam","VNM","1.027","1.316","1.256","1.849","1.645","1.523","2.385","2.103","1.681","1.161","1.874","1.848"
"Unemployment, total (% of total labor force) (national estimate)","SL.UEM.TOTL.NE.ZS","Virgin Islands (U.S.)","VIR","NA","NA","NA","NA","NA","NA","NA","NA","NA","NA","NA","NA"
"Unemployment, total (% of total labor force) (national estimate)","SL.UEM.TOTL.NE.ZS","West Bank and Gaza","PSE","19.202","19.894","20.527","23.005","NA","24.42","26.39","25.895","25.34","26.256","25.677","23.939"
"Unemployment, total (% of total labor force) (national estimate)","SL.UEM.TOTL.NE.ZS","Yemen, Rep.","YEM","NA","NA","13.467","NA","NA","NA","NA","NA","NA","NA","NA","NA"
"Unemployment, total (% of total labor force) (national estimate)","SL.UEM.TOTL.NE.ZS","Zambia","ZMB","7.85","NA","NA","11.888","NA","5.995","5.199","6.033","5.542","5.033","4.529","NA"
"Unemployment, total (% of total labor force) (national estimate)","SL.UEM.TOTL.NE.ZS","Zimbabwe","ZWE","NA","NA","4.774","NA","9.348","10.087","9.54","NA","7.373","NA","NA","NA"
,"","","","","","","","","","","","","","",""
,"","","","","","","","","","","","","","",""
,"","","","","","","","","","","","","","",""
Data from database: World Development Indicators,"","","","","","","","","","","","","","",""
Last Updated: 12/16/2024,"","","","","","","","","","","","","","",""
