,year,burglary,corruption,corruption_bribery,corruption_other_acts_of_corruption,fraud,money_laundering,smuggling_of_migrants,theft,theft_of_a_motorized_vehicle,iso3_code
0,2013,12.6428205751687,35.9059314098064,9.36830561352623,26.658015668138,31.976081902980553,13.44718132403865,5.08023288344276,182.021978417839,19.8128585451958,ALB
1,2014,10.2284870646045,35.9059314098064,9.36830561352623,26.658015668138,31.976081902980553,13.44718132403865,5.08023288344276,276.030459394293,13.9038078403607,ALB
2,2015,8.01392966683909,35.9065679877855,7.42415995109768,28.4824080366878,25.5335594579808,11.8300866510482,5.08023288344276,243.262661575219,9.60977713296289,ALB
3,2016,12.6428205751687,35.8201122294098,8.88560923520242,26.9345029942073,31.6896923114836,12.6689350423785,2.1866928977256,195.795787874128,10.3434045003528,ALB
4,2017,12.6428205751687,40.0784203406666,10.3148100876759,29.7636102529907,35.3551403005187,13.1626701118827,2.11853001800751,176.984081504365,11.4261700971224,ALB
5,2018,12.6428205751687,35.9052948318273,9.52376648975865,26.3815283420687,32.7075338206675,12.200153423012,4.41430052627499,188.181283852384,8.75908450882912,ALB
6,2019,12.6428205751687,46.2788338012251,10.6128152702058,35.6660185310193,30.4118050693765,13.9532423716476,5.08023288344276,168.169626888211,11.065164773526,ALB
7,2020,12.6428205751687,29.5446324518661,5.61592187101588,23.9287105808503,27.8354388389483,14.5455864609542,10.6039767005517,110.29531028666,6.94141895858484,ALB
8,2021,26.1322516122478,34.2241418567911,9.21284473729381,25.0112971194973,32.2624714944775,13.7316925361946,13.6266030524992,117.069684836638,7.2511743749803,ALB
9,2022,21.3557863450328,41.5153671946272,17.3801621984287,24.1352049961985,34.0918566199947,16.711694421566,14.7062910909781,86.4786208172828,4.18671923403444,ALB
10,2013,1046.08281181324,40.5564500617309,0.259448066693248,40.2970019950377,409.468014711649,3.96247956404234,44.6486536591199,1816.16005304062,135.361132250232,AUT
11,2014,1000.308211989,36.5665324840693,0.772285166063543,35.7942473180057,347.071974403193,4.98474970822832,61.6540990907395,1734.86841781938,120.570096229072,AUT
12,2015,915.854481053399,30.97511681044,0.161991645628002,30.813125164812,336.67649377414,5.2878701465712,112.919747834548,1622.85544756498,112.734614525259,AUT
13,2016,921.457331762755,36.0671285838347,0.22892496720936,35.8382036166253,372.49526039471,6.43279157858302,37.8069583346258,1642.89147342633,103.279498956503,AUT
14,2017,787.258101623462,36.4762882529302,0.341006122651264,36.1352821302789,398.408819964226,7.0701936096362,16.8116018467073,1497.21011524188,56.9821230950261,AUT
15,2018,663.275988621927,35.212888663814,0.271477458378264,34.9414112054357,428.244379030945,7.53349946999682,9.70531913702293,1343.83604209394,48.1533141798445,AUT
16,2019,611.760890276286,35.5633033556533,0.427930819352383,35.1353725363009,558.866388736861,4.84237506109276,10.7207931585123,1299.81734110816,44.1106584053496,AUT
17,2020,543.760805866604,32.320072673575,0.415367380660742,31.9047052929143,610.814572479756,5.91617863805975,19.8815035445993,951.236206294792,34.879633830079,AUT
18,2021,452.640986711398,32.6717463479937,0.638864336821832,32.0328820111718,643.426052349665,8.31644452494384,40.0130821483147,820.582012135732,31.3267687967898,AUT
19,2022,554.744123825439,34.5093083965454,1.6555519101098,32.8537564864356,787.830172142722,8.44555197387092,102.756080042355,1086.61254727132,34.9455686971824,AUT
20,2013,299.8037434511975,12.63977544809375,19.3922433714139,11.6430348046191,171.327694846848,3.279954394234225,0.80347132575653,478.333966385988,6.39759813528588,BLR
21,2014,299.8037434511975,12.63977544809375,19.3922433714139,11.6430348046191,171.327694846848,3.279954394234225,0.80347132575653,418.084248184911,5.88008343528917,BLR
22,2015,299.8037434511975,12.63977544809375,11.4631978260334,11.6430348046191,171.327694846848,3.279954394234225,0.896850909051174,448.2091072854495,6.138840785287525,BLR
23,2016,299.8037434511975,12.63977544809375,12.9170353446757,11.6430348046191,171.327694846848,3.279954394234225,0.710745963941488,448.2091072854495,6.138840785287525,BLR
24,2017,299.8037434511975,12.63977544809375,19.7983575397955,11.6430348046191,171.327694846848,3.279954394234225,0.80347132575653,448.2091072854495,6.138840785287525,BLR
25,2018,299.8037434511975,12.63977544809375,20.6176550248598,11.6430348046191,171.327694846848,3.279954394234225,0.804490791365215,448.2091072854495,6.138840785287525,BLR
26,2019,299.8037434511975,12.63977544809375,19.3922433714139,11.6430348046191,171.327694846848,3.279954394234225,0.578872936460116,448.2091072854495,6.138840785287525,BLR
27,2013,900.042212838989,41.39499626228995,0.8235564894655705,40.5586992726312,543.1782618720094,9.88809479335617,3.238288316342075,2018.40775188758,142.24654981867,BEL
28,2014,862.676832914263,58.3534189762062,0.885769469280039,57.4676495069261,543.1782618720094,9.88809479335617,2.30836891994192,1864.97419681959,141.213126602493,BEL
29,2015,815.776316145083,54.6926896712607,0.800120622628976,53.8925690486317,475.520576257541,7.60114591497527,2.8359830957627,2194.5797339759,172.257079822878,BEL
30,2016,697.580136356133,45.4720736431985,0.821784463431298,44.6502891797672,491.276890466558,7.79369781447747,3.64059353692145,2053.46264627322,154.053659521089,BEL
31,2017,660.117405347099,40.3707148936843,0.878388052517065,39.4923268411672,509.421151057272,7.94941187527944,4.19869489103157,1963.75068184873,139.180586921329,BEL
32,2018,621.630809577,41.3063750349825,0.847265463817572,40.4591095711649,576.935372686747,11.8267777114329,5.09232747840871,1938.70934042917,122.460430955901,BEL
33,2019,563.977381481088,41.4836174895974,0.825328515499843,40.6582889740975,689.279625471132,19.7383830233226,4.23958226909393,1945.56862875924,109.37774747519,BEL
34,2020,408.866606923522,37.1657600683359,0.588147936850556,36.5776121314853,808.789905513169,47.7783706347422,2.62071801273115,1347.20474476239,78.5782942101074,BEL
35,2021,678.848770851616,40.5290653511801,0.61146698681126,39.9175983643689,543.1782618720094,9.88809479335617,2.41141910291765,1954.659655303985,140.196856761911,BEL
36,2013,329.144597227025,21.4626352992623,2.41020355210444,16.9961017451742,12.196187650245665,1.0306016181812965,1.91741122270066,179.04338256819,38.0366982266219,BIH
37,2014,289.101187655906,21.4626352992623,2.41020355210444,16.9961017451742,12.196187650245665,1.0306016181812965,1.91741122270066,166.084767918169,38.1118477721511,BIH
38,2015,80.2423386726078,21.4626352992623,2.41020355210444,16.9961017451742,12.196187650245665,1.0306016181812965,1.91741122270066,138.296024996567,36.2622732756693,BIH
39,2016,75.8118533082293,11.4048146128712,0.833097289101421,10.5717173237698,6.37750338553502,0.545822361825069,0.344729912731623,129.01516983981,29.5605900167366,BIH
40,2017,141.031482566339,11.1336335441553,0.494182167756241,10.6394513763991,12.196187650245665,1.0306016181812965,0.319764932077568,110.631318601534,17.20522956629,BIH
41,2018,153.141248464396,12.6465789974439,0.911730113769213,11.4407423953621,8.02910713093533,0.735266220781623,3.9410269433895,104.731320488134,17.20522956629,BIH
42,2019,143.511255948144,22.3464551559312,2.41020355210444,19.9362516038268,12.196187650245665,1.0306016181812965,4.22529511603494,110.631318601534,14.8480441049397,BIH
43,2020,141.031482566339,27.2118437515821,10.2157420064079,16.9961017451742,16.363268169556,1.32593701558097,2.92308842071258,110.565066140149,9.0404796516884,BIH
44,2021,128.403338119924,23.8157619989098,4.00496126040717,19.8108007385026,12.196187650245665,1.0306016181812965,1.34517782792302,96.6387980469241,9.75253925244188,BIH
45,2022,118.137272108331,21.4626352992623,2.84519084658808,18.6174444526742,18.0607766783417,3.52556257077219,1.91741122270066,95.4685232980153,6.40167940482319,BIH
46,2013,230.959655332782,6.96357377483728,1.69074424985761,6.45158362982259,33.8987899208384,0.5692230635208495,3.17411140479931,609.002514813284,48.2158390175003,BGR
47,2014,207.904297014355,2.69935115194471,1.37002244395184,6.45158362982259,33.8987899208384,0.5692230635208495,3.17411140479931,559.484611121164,50.4737971677702,BGR
48,2015,164.654286196649,2.29845617623905,1.14922808811953,6.45158362982259,33.8987899208384,0.287307022029882,6.49861121258065,524.198502336901,48.43175514218,BGR
49,2016,140.229575729974,3.07757065129261,1.82170101332119,6.45158362982259,49.7517587350219,0.427823722825431,5.064880847643,451.657644416383,38.0763113314633,BGR
50,2017,123.175599786646,3.24402789084306,1.93527844131839,6.45158362982259,46.9200600521077,0.626528991793723,2.19981290452018,570.099613932835,28.444416227435,BGR
51,2018,107.6793017031,9.45565893086986,2.34635221612967,7.10930671474019,40.042537820177,0.533900504269026,1.50335141991542,518.75458996371,24.4470230902133,BGR
52,2019,88.2803509434626,8.29489323834333,1.84330960852074,6.45158362982259,29.8190777439932,0.439558445108792,1.21942020255988,470.355894875769,23.1264459345948,BGR
53,2020,76.5706548410091,6.96357377483728,1.69074424985761,5.27282952497967,23.9426579789158,0.687760372823435,1.81969931976201,387.3810299928,25.1319102902564,BGR
54,2021,60.0360041755085,8.20521102060045,1.46677223554097,6.73843878505949,23.8023732084321,0.638989884790124,3.67419183754321,354.857223519243,19.518236480862,BGR
55,2022,63.9933659227659,7.87383811123433,1.54822659490563,6.3256115163287,33.8987899208384,0.604545622772673,12.3415777136763,416.546679105561,22.1765028451244,BGR
56,2013,428.953963165148,19.0084053473429,2.53686083421836,16.1704608060466,74.2221159311955,0.992795693300711,17.0373968419794,326.095987471379,20.0981513878168,HRV
57,2014,357.191877071092,19.0084053473429,2.53686083421836,16.1704608060466,74.2221159311955,0.992795693300711,17.0373968419794,281.117617015237,14.7760069393544,HRV
58,2015,351.789678282134,19.0084053473429,2.53686083421836,16.1704608060466,74.2221159311955,0.992795693300711,17.0373968419794,318.392221518444,17.8621162142185,HRV
59,2016,293.648939059144,21.4264524589636,5.25599165291704,16.1704608060466,90.1094785180282,1.37318700841977,3.69339953988765,301.603953452748,21.0713178878206,HRV
60,2017,305.810397553517,18.1516038170366,4.60349479196855,13.5481090250681,62.9462318963989,0.143113827729592,8.70609118688352,296.078657267905,20.3698681468453,HRV
61,2018,262.13290037099,12.378364541634,1.08160466868646,11.2967598729475,74.2221159311955,0.624927141907734,14.8780731092649,275.953404470873,22.1849135377246,HRV
62,2019,262.291779264227,19.0084053473429,0.944366635090921,18.064038712252,79.859516987945,0.992795693300711,22.9069445332311,287.232744242269,44.2399446746439,HRV
63,2020,218.117733782131,13.1319763624425,1.48894155782341,11.6430348046191,61.1930571387425,0.512586437939207,17.0373968419794,254.291690973841,36.8329968976316,HRV
64,2021,187.038069660721,22.4623017554092,2.53686083421836,19.9254409211908,72.6084052356867,1.28074527552772,23.5706390130774,254.301826342763,41.1562568347464,HRV
65,2022,177.5524875895,29.4514816613663,8.48559960251665,20.9658820588496,86.5431912677722,1.96012388479186,22.6778889961995,275.087259628954,42.2543161493738,HRV
66,2013,229.312004003534,2.22799405982507,1.02830495068849,0.0827456324786537,17.7382603993765,3.279954394234225,1.2302414913020998,106.686638633931,112.856468338062,CYP
67,2014,198.216644930522,3.82329576591234,0.849621281313854,2.97367448459849,12.6593570915764,3.279954394234225,1.2302414913020998,82.0734157749183,100.850046091955,CYP
68,2015,166.68351189273,2.4425577791254,2.27410551849606,0.168452260629338,17.7717134963951,3.279954394234225,0.505356781888013,79.4252408867327,80.9413112323967,CYP
69,2016,143.670244648471,3.42270774583807,3.1722657156548,0.250442030183273,19.3675170008398,3.279954394234225,0.834806767277578,61.024374687991,82.5623892837525,CYP
70,2017,121.636079743621,2.56511460683826,2.48236897435961,0.0827456324786537,20.3554255897488,3.279954394234225,1.15843885470115,79.3530615470289,91.70621768785375,CYP
71,2018,102.557286449065,1.39477909570728,1.31273326654803,0.0820458291592518,18.6244032191502,3.279954394234225,1.06659577907027,58.7448136780243,91.70621768785375,CYP
72,2019,96.8395320127893,1.22066636990911,1.13928861191517,0.0813777579939406,17.9844845166609,3.279954394234225,1.30204412790305,52.2445206321099,91.70621768785375,CYP
73,2020,70.4625397058835,1.05047364240423,0.888862312803577,0.16161132960065,19.7165822112793,3.279954394234225,1.37369630160553,41.4533060425668,91.70621768785375,CYP
74,2021,69.4428816223915,0.964484466977659,0.964484466977659,0.0,32.9532192884034,3.279954394234225,2.81307969535151,42.3569428414355,91.70621768785375,CYP
75,2022,90.1326700165443,1.91771638333073,1.83781153402528,0.0799048493054471,38.1945179680037,3.279954394234225,5.27372005415951,48.9816726242391,91.70621768785375,CYP
76,2013,593.311004281399,24.6426226433238,2.68199703781987,21.9752201152906,104.027246807354,10.1193079724835,1.24589224097306,1194.27806393672,204.4499656809,CZE
77,2014,468.794777916746,37.8428366077529,1.75902632473223,36.0838102830207,102.242216593761,10.4400589435459,1.02689104362747,986.081632893678,165.072735263115,CZE
78,2015,327.600358729805,33.1724345146116,1.80543184124211,31.3670026733694,101.151694473801,8.21946601407591,1.30181138026405,805.726221654958,107.641746829424,CZE
79,2016,268.057526170992,28.1070949659803,0.930887227666804,27.1762077383135,93.430681340109,11.2086421290493,0.379953970476247,676.546039830005,87.0189580883224,CZE
80,2017,229.097913316536,25.8562447863774,0.873585942103092,24.9826588442743,83.1046104922419,8.85930091284983,0.341837977344688,627.662003901701,77.9865363314423,CZE
81,2018,200.776622314692,24.6426226433238,2.66740252803312,21.9752201152906,80.2024340190456,7.40417783582147,0.31325367766937,564.21733616097,66.7040482722019,CZE
82,2019,210.31860407136,22.1982408250039,1.15783898274924,21.0404018422547,87.1131477266828,5.94104264918874,0.436562239397256,568.00543538969,63.2920342291369,CZE
83,2020,196.193051455737,16.0384329852737,1.09201882374569,14.946414161528,75.51072770805,5.27967361741396,0.503278240508885,433.370044157443,57.8010311316525,CZE
84,2021,292.538563609774,13.2816389618591,0.903836462304168,12.377802499555,111.45730690414,5.36593436567948,0.818209850085879,256.194823757123,29.9312580043044,CZE
85,2022,321.612778976454,15.3421207156175,1.71526815454109,13.6268525610764,153.421207156175,6.58472385993273,2.60149003438731,331.370748922287,33.0474997774916,CZE
86,2013,1403.54837935537,26.7359478506804,0.142212488567449,26.593735362113,244.232172553523,0.106659366425587,3.46642940883157,4783.42371233258,19.0031437848254,DNK
87,2014,1232.37084280348,45.5876515510685,0.159273627313516,45.428377923755,322.77685428569,0.0176970697015018,5.079059004331,4437.9472602547,17.8032521197108,DNK
88,2015,1115.62655650185,65.5536056596609,0.369861826666545,65.1837438329944,552.6616313795,0.299411954920536,7.25633678983887,3978.09290788186,14.8825354063443,DNK
89,2016,1053.74990121533,91.9245041535122,0.928707342763276,90.9957968107489,688.329846008057,0.0700911202085491,5.58976683663179,3951.57965233753,14.1058379419705,DNK
90,2017,957.282059371288,64.7867414639503,0.470605870198186,64.3161355937521,765.832619435848,1.96957271601463,4.16573344360617,3728.66259912136,14.1878954941231,DNK
91,2018,951.465018209766,83.8089675768717,5.46240943238456,78.3465581444871,751.696901825416,1.82080314412819,3.62426530593134,3170.26104767972,13.4566022842236,DNK
92,2019,832.608967959643,87.3034249513188,0.793667499557444,86.5097574517614,821.739173943965,4.45143945403958,3.22643092211396,2933.86092667927,13.6993911880133,DNK
93,2020,660.751323330772,66.4819545179664,0.223151409432885,66.2588031085335,924.602116745608,20.3239437514258,1.11575704716442,2438.22096143583,15.2086268275028,DNK
94,2021,519.845356554334,81.59896389643,0.905326582899474,80.6936373135305,776.906861196866,43.6777372164897,1.69108173032166,2128.84983723765,15.8688376512002,DNK
95,2022,537.021347996855,59.1779199207652,0.170002642691081,59.0079172780741,972.126111700406,100.352559980545,2.60104043317353,2492.45974528674,20.3153158015841,DNK
96,2013,299.8037434511975,9.495302818295155,5.615068067492255,3.880234750802885,132.333331247714,2.544770446743115,0.18852671358273748,1249.25833584981,41.5028429826811,EST
97,2014,299.8037434511975,9.495302818295155,5.615068067492255,3.880234750802885,132.333331247714,2.544770446743115,0.18852671358273748,1197.23763546708,45.4156098852362,EST
98,2015,299.8037434511975,9.495302818295155,5.615068067492255,3.880234750802885,118.433933718072,1.97770216870256,0.18852671358273748,863.647323978802,22.1350511958633,EST
99,2016,299.8037434511975,9.495302818295155,5.615068067492255,3.880234750802885,128.046713872969,5.16746382395363,0.18852671358273748,682.561177452228,16.5662810826749,EST
100,2017,299.8037434511975,22.0864650954158,12.5232534046172,9.5632116907986,118.477567058227,3.11183872478367,0.5312895383777,579.33329234814,13.6617309868551,EST
101,2018,299.8037434511975,28.4385711735751,13.3873061109649,15.0512650626102,109.896925306395,7.63908427800821,0.151268995604123,559.922187228661,10.1350227054762,EST
102,2019,299.8037434511975,5.42561296239221,2.78816221678489,2.63745074560733,136.619948622459,14.3175897618683,0.301422942355123,512.720424946064,12.2829849009713,EST
103,2020,299.8037434511975,6.09277261772591,3.00877660134613,3.08399601637978,138.77982073709,1.57960771570672,0.150438830067306,516.230845375962,8.12369682363454,EST
104,2021,299.8037434511975,6.54774851527921,3.08572056467181,3.4620279506074,214.645732937659,1.35470658936811,0.225784431561352,565.439478106813,8.65506987651849,EST
105,2022,299.8037434511975,12.4428571213111,8.1444155703127,4.29844155099837,196.974198793118,1.50822510561346,0.0754112552806732,605.326146137963,6.86242423054126,EST
106,2013,421.245434715139,73.4527306397356,0.58835729173255,66.2757935580001,584.165246028956,3.36466826209552,1.91216119813079,2356.53642887716,132.637796954957,FIN
107,2014,452.719429308021,62.749018573856,0.402824163590555,62.3461944102654,599.951661100369,3.8634499326185,2.39863479228921,2331.65611999766,128.244565535829,FIN
108,2015,450.555264468531,61.8856489716781,0.346749433931549,61.5388995377465,709.887341108916,3.21199475641856,4.28874299862705,2233.86935320828,135.633778577856,FIN
109,2016,447.552681703859,66.7307344802819,0.454940922281714,66.2757935580001,815.035761086137,6.73312564976937,5.04074541888139,2083.44744768134,121.960562445282,FIN
110,2017,141.735685730573,64.7223926770198,0.308634130577654,64.4137585464422,641.23279364722,8.58729080960179,0.98036723830549,2199.98039265523,106.224605765286,FIN
111,2018,142.399701493674,69.7312518391482,0.489532969229589,69.2417188699186,647.253239575078,7.72374240340019,1.37794465412773,2142.93963822788,103.817251178097,FIN
112,2019,135.849854850198,71.7191608061306,0.235441689515075,71.4837191166155,729.760572101572,8.18612643544723,1.44887193547739,2222.76876891344,101.38481368503,FIN
113,2020,140.881545928107,73.0811716425522,4.82867429561036,68.2524973469419,852.378565171188,10.7424439385489,1.51913348625944,2438.40817959341,116.937108597066,FIN
114,2021,114.613604932955,66.8353566984923,0.415463028125763,66.4198936703666,857.551817271412,12.644526942958,1.60766128274752,2241.76624532694,100.975579444479,FIN
115,2022,104.859535598594,66.2726703473386,0.397058482473162,65.8756118648655,973.082051864681,16.7125524895522,1.8409075096483,2252.87373332704,99.3187649568095,FIN
116,2013,608.683831008296,3.66533967679794,0.357144193660725,3.30596214481987,319.369207577314,2.65839504150939,6.338361182058365,2194.67442896665,273.516235368716,FRA
117,2014,596.260414482866,3.66533967679794,0.357144193660725,3.30596214481987,319.369207577314,2.65839504150939,6.338361182058365,2247.88790789201,265.903463568588,FRA
118,2015,594.349432608038,3.66533967679794,0.357144193660725,3.30596214481987,319.369207577314,2.65839504150939,5.85020140097984,2189.88882407645,263.395405803773,FRA
119,2016,598.396741806238,3.13646094592755,0.296924553924382,2.84422467443356,308.989067378573,1.42836338045729,6.28073569590575,2158.83685213153,252.404623965446,FRA
120,2017,596.825082255828,3.06497464060873,0.31803399119236,2.74694064941637,271.122418501334,1.57925702489148,6.13150827137036,1363.75469807529,264.6494346861805,FRA
121,2018,552.730422916724,3.66533967679794,0.359377531978066,3.30596214481987,280.67385247487,1.9695755648668,6.40189845926295,1337.90810041313,264.6494346861805,FRA
122,2019,519.441384866052,3.71895801659755,0.357144193660725,3.36026102209482,319.369207577314,2.65839504150939,6.39598666821098,2236.235076594,264.6494346861805,FRA
123,2020,433.369681008172,3.54683331293168,0.316376911166621,3.23045640176505,358.023899266956,3.25992287878547,5.50402773397224,1774.47279703694,264.6494346861805,FRA
124,2021,417.518938519336,4.23669428503723,0.410652518483857,3.82604176655337,419.192541236176,4.20260237784234,7.16704867165222,1830.06907454295,264.6494346861805,FRA
125,2022,458.352863466743,3.87456390266873,0.371363952332466,3.50319995033626,401.532631410074,4.4764829754076,6.51589001363339,2062.81534602115,264.6494346861805,FRA
126,2014,42.5251739756533,16.8398787422653,1.93592306800845,11.6430348046191,171.327694846848,3.279954394234225,1.74686924765406,253.243372498003,49.911150641648405,GEO
127,2019,42.5251739756533,16.8398787422653,1.93592306800845,11.6430348046191,171.327694846848,3.279954394234225,1.74686924765406,253.243372498003,49.911150641648405,GEO
128,2013,535.647439969583,8.60669570073635,8.60669570073635,0.0,1148.24216749066,9.95830196725313,4.18091974651702,1578.18518259515,72.8790016605169,DEU
129,2014,544.929639534894,24.7535925417938,24.7535925417938,0.0,1183.5816113901,9.94150600133828,4.61159807754387,1615.15145129435,71.343560086527,DEU
130,2015,565.262293942241,10.5320582865842,10.5320582865842,0.0,1177.3949277929,11.74682715652,6.59654830675231,1643.59933896104,68.9177247644683,DEU
131,2016,525.595191036599,7.89734922958881,7.89734922958881,0.0,1091.98039732655,14.0177341523661,4.75638566334509,1567.42219796201,72.4304255010872,DEU
132,2017,441.978537713339,4.65964195988946,4.65964195988946,0.0,1101.79594219982,12.1211205787774,3.17218742256371,1399.61362975047,65.4939909136256,DEU
133,2018,393.753932002308,4.78909316241024,4.78909316241024,0.0,1014.25393359465,10.4370866602452,3.97241405133927,1305.81561417116,60.8468158972222,DEU
134,2019,374.309029951734,4.9874837249819,4.9874837249819,0.0,1001.78547587733,11.7428963324628,3.86659276002334,1233.12558485222,58.3981787397989,DEU
135,2020,358.047070006418,5.00426094218257,5.00426094218257,0.0,969.739366089505,10.730959555155,3.72619429867551,1118.20990793744,51.4898848885576,DEU
136,2021,291.545633418538,6.12646988069749,6.12646988069749,0.0,951.48753026593,17.7259994493371,4.56907567814836,1001.53755211321,46.964007469018,DEU
137,2022,312.589049735886,5.91101029181499,5.91101029181499,0.0,961.273250808449,27.1249161402403,5.92060608774326,1252.11582802189,59.0261397037775,DEU
138,2013,621.419866870957,6.233213785503495,1.52914721453007,4.9209859377408005,26.2036596067655,0.3058409857392185,13.7899684699459,949.873498626507,264.579992397818,GRC
139,2014,567.352329793699,6.233213785503495,1.52914721453007,4.9209859377408005,26.4844721548961,0.3058409857392185,13.7899684699459,866.079982369461,231.005203406208,GRC
140,2015,423.767200187366,6.233213785503495,1.52914721453007,4.9209859377408005,29.3153071338263,0.120296399223403,15.7680818674369,510.343593351533,245.441668692427,GRC
141,2016,415.656487383604,6.233213785503495,1.52914721453007,4.9209859377408005,35.2566601133311,0.241866269906757,9.97233235923244,531.715086743477,243.540728698419,GRC
142,2017,183.245233524273,8.43603330979911,1.11295783133713,7.32307547846198,30.4239649188209,0.271225017720814,13.0842689583248,866.666810072998,333.307489018426,GRC
143,2018,165.762727198432,6.18812404950462,2.17242652801758,4.01569752148704,29.9437492000345,0.24451553995003,15.5455456745154,755.656467327881,230.248998638331,GRC
144,2019,184.385811872566,5.80668248908836,1.7968561448319,4.00982634425645,30.338497434846,0.340456953757623,14.4977919475121,811.658834895779,205.314457391056,GRC
145,2020,132.150812501094,5.77422568299482,0.608814569541464,5.16541111345336,38.6121615276375,0.361483650665244,10.5781531457829,579.772212028806,146.496005795915,GRC
146,2021,127.932341282473,7.24723358159337,2.42212694338589,4.82510663820747,81.8161931153196,0.765889942572615,10.4543977161162,564.240694317527,142.608707307021,GRC
147,2022,136.9671614875,6.27830352150237,1.26143828422824,5.01686523727413,99.0277199618564,1.1844038851914,14.232105222056,684.932100436294,177.082824785933,GRC
148,2013,380.893089591941,4.08301868486372,3.38567143423106,0.697347250632666,372.292473500804,0.131384264611952,2.4659815819474,1255.99314376268,57.5260949362483,HUN
149,2014,302.830358756133,2.20918308766981,1.1349931459588,1.07418994171101,334.529095903982,0.162141877994114,2.63480551740436,1083.70564317579,48.6729650003582,HUN
150,2015,290.474252675116,13.0861959429524,9.8623499188241,2.93961032104207,320.705110376153,0.172689711329847,2.58446349768367,1130.87381197097,32.2523431454273,HUN
151,2016,302.830358756133,11.869460387841,9.8623499188241,2.00711046901689,458.477010689137,0.519607278781022,3.46404852520681,953.550675209282,48.6729650003582,HUN
152,2017,302.830358756133,13.0861959429524,10.2666876835809,2.81950825937147,259.364113033269,0.888758038280137,1.74686924765406,820.67100006017,48.6729650003582,HUN
153,2018,302.830358756133,22.891960380338,19.1380061982182,3.75395418211976,215.571074627177,2.46513067545194,1.93323526000173,628.966328769875,48.6729650003582,HUN
154,2019,302.830358756133,18.4817611828982,3.96037739633533,14.5213837865629,173.315120372959,1.92390426488641,0.880083865852296,582.973692860555,48.6729650003582,HUN
155,2020,302.830358756133,24.3780544999766,20.7680102492438,3.61004425073275,158.462482153613,3.08699806667772,2.58446349768367,517.313187645485,48.6729650003582,HUN
156,2021,302.830358756133,67.1075552025554,63.3175643623866,3.78999084016888,159.200213063398,3.61490974157412,6.49859842431131,436.961226539905,48.6729650003582,HUN
157,2022,302.830358756133,11.1464405006066,8.20683017956454,2.93961032104207,209.123677582938,5.34748225636663,17.0657923416128,487.754591698912,48.6729650003582,HUN
158,2013,337.011553138729,12.63977544809375,1.52914721453007,11.6430348046191,158.6740332212645,67.9094559066675,1.90907876040789,1265.95365473907,9.56717779056831,ISL
159,2014,348.854776609333,12.63977544809375,1.52914721453007,11.6430348046191,158.6740332212645,67.9094559066675,1.90907876040789,1120.11988640092,17.7021671420309,ISL
160,2015,384.523023806899,12.63977544809375,1.52914721453007,11.6430348046191,158.6740332212645,67.9094559066675,1.90907876040789,1217.9079591433,20.8421748960534,ISL
161,2016,309.228136185501,12.63977544809375,1.52914721453007,11.6430348046191,158.6740332212645,67.9094559066675,1.90907876040789,1034.33534569948,16.980735802094,ISL
162,2017,308.469525538949,12.63977544809375,1.52914721453007,11.6430348046191,134.737160683522,67.9094559066675,1.90907876040789,1112.23634585836,22.9897099222424,ISL
163,2018,364.361687056944,12.63977544809375,1.52914721453007,11.6430348046191,152.147920645085,29.4662639610592,1.98330622814822,930.737279923841,22.0996979707944,ISL
164,2019,321.8076665618,12.63977544809375,1.52914721453007,11.6430348046191,165.200145797444,67.9094559066675,5.26644760092523,963.482729516637,6.92953631700688,ISL
165,2020,288.816343895993,12.63977544809375,1.52914721453007,11.6430348046191,183.544286536358,78.5449547139246,1.90907876040789,955.357556815548,7.90904057883268,ISL
166,2021,282.987025260912,12.63977544809375,1.52914721453007,11.6430348046191,173.086529763592,69.6666531653773,0.810077362388108,1015.29696085976,3.51033523701513,ISL
167,2022,291.232064489399,12.63977544809375,1.52914721453007,11.6430348046191,146.42054071014,41.834440202897,0.804508465440328,915.530633671093,5.8997287465624,ISL
168,2013,571.343644744458,0.1131157904655995,1.52914721453007,11.6430348046191,105.124789924756,11.73290362314605,0.348672603398861,1715.83967336351,160.563733865175,IRL
169,2014,597.879609741576,0.1131157904655995,1.52914721453007,11.6430348046191,112.025352605098,11.73290362314605,0.670680944526465,1680.96443054428,167.951489430934,IRL
170,2015,551.078495250506,0.1131157904655995,1.52914721453007,11.6430348046191,119.573231370666,11.73290362314605,0.621549329584033,1558.50279482871,105.063269435205,IRL
171,2016,383.202128679237,0.1131157904655995,1.52914721453007,11.6430348046191,103.948693198252,11.73290362314605,0.466518002929733,1315.64438435316,72.204263635261,IRL
172,2017,393.243380874603,0.0838248613641574,1.52914721453007,11.6430348046191,82.6513133050592,11.73290362314605,0.64964267557222,1402.45279926838,72.445636433973,IRL
173,2018,343.737220775562,0.124107794238378,1.52914721453007,11.6430348046191,94.1564465621831,11.73290362314605,0.621549329584033,1333.53824909138,77.1123094867791,IRL
174,2019,335.272391712532,0.102123786692821,1.52914721453007,11.6430348046191,115.09350760281,5.18788836399532,0.621549329584033,1335.88125372879,73.2227550587528,IRL
175,2020,213.803994606681,0.141525102812933,1.52914721453007,11.6430348046191,119.285443799472,12.6159520221814,0.621549329584033,986.328877246989,52.2429808098026,IRL
176,2021,168.113030995928,0.160432333051106,1.52914721453007,11.6430348046191,305.062081296678,16.7050166789464,0.621549329584033,893.467716803242,55.6900736103652,IRL
177,2022,182.79517553722,0.0796319649476017,1.52914721453007,11.6430348046191,204.176358125651,10.8498552241107,0.621549329584033,1239.90951021663,81.8019359924238,IRL
178,2013,298.2065433212155,6.13366834877272,0.770158926647586,5.32468722601567,233.14199686301,3.13533158908752,2.66565910941258,1823.58744275657,304.224987813492,ITA
179,2014,298.2065433212155,6.13366834877272,0.80898112275705,5.32468722601567,220.913183196162,2.65902811660309,2.66565910941258,1859.59065024709,292.52790553859,ITA
180,2015,389.697286064863,5.9485756838629,0.909801695438702,5.0387739884242,290.512299041325,3.41175635789513,2.58994643227076,2040.58392932262,275.015786221571,ITA
181,2016,356.051045543671,35.4349409875911,0.873273436534071,34.561667551057,302.90611926317,3.00239724370285,2.66805827085838,1884.29785663601,261.053866050534,ITA
182,2017,326.351402519084,5.95293329621583,0.888273641344635,5.06465965487119,323.424932511202,3.23478262260776,2.27484713027285,1783.15517197244,242.913676200959,ITA
183,2018,319.609597112608,5.62315420839901,0.681392015748974,4.94176219265003,365.521724330635,3.27168372267706,2.92263732245271,1672.29466410263,235.701514624226,ITA
184,2019,276.803489529823,5.80800286204451,0.770158926647586,5.03784393539693,467.047812738603,3.71350543327032,3.23969026752843,1517.80242450048,219.575658504299,ITA
185,2020,184.036864582444,6.33607279687144,0.687388268944408,5.64868452792703,594.427829013227,3.52433545226509,2.17308809717633,1028.94797040546,169.81683489164,ITA
186,2021,210.523810383906,6.4854466543316,0.578997449879162,5.90644920445244,743.442853880118,2.84772215144649,2.32442999557903,1185.26179715744,185.972968077659,ITA
187,2022,226.639100446608,6.21808446614772,0.601312989780017,5.61677147636771,694.809537413474,2.64408331562424,2.97776967896696,1431.21130148624,213.024019286462,ITA
188,2013,47.0098996449399,10.939640400679,7.59442269730129,3.27388671226577,90.823095930991,17.4792701074219,0.4717700952491485,1015.16770720167,66.306109760978,LVA
189,2014,30.4320304081621,10.939640400679,7.59442269730129,3.27388671226577,90.823095930991,17.4792701074219,0.4717700952491485,1023.25215970451,65.7868892647035,LVA
190,2015,25.1511705836728,10.939640400679,7.59442269730129,3.27388671226577,90.823095930991,17.4792701074219,0.4717700952491485,973.26495829474,74.4494730051633,LVA
191,2016,322.527357819401,14.5428675089031,11.7559068364652,3.19233677024702,90.5002138358916,6.08064146713717,1.31747231787972,738.291218134905,49.4052119204895,LVA
192,2017,267.589084247848,9.46357877764324,6.39430998489408,3.27388671226577,76.8851832583664,6.29200102513578,1.38117095673712,743.479210563605,17.4948321186702,LVA
193,2018,251.959180236316,12.5023829438566,7.59442269730129,5.2179366831798,90.823095930991,10.1258969297351,0.516627394374238,725.706500877492,17.307017711537,LVA
194,2019,219.664857170884,18.470631695604,5.37422334646105,13.3572929776119,82.4395425961986,17.4792701074219,0.313061554162779,684.091672771367,23.5839704135961,LVA
195,2020,200.468938120832,9.59383295766273,6.37831751580874,3.63722238504796,91.2468398335944,21.876047678187,0.105426735798492,674.678395742447,40.6420066503185,LVA
196,2021,148.298832553595,10.939640400679,7.84452262877958,3.20184597093044,158.651467859603,22.5196499955441,0.426912796124059,421.576386172508,22.7864704931216,LVA
197,2022,150.163374942115,10.7529728727891,8.32139609251015,2.53964685940245,126.117782337134,25.2343634753392,0.4717700952491485,521.978482166546,27.3957650578094,LVA
198,2013,107.820183013615,56.9316984733455,3.43439480349648,53.497303669849,163.76119067826,1.81626648261833,1.41999015913797,923.059649493592,49.6666325428721,LTU
199,2014,111.588659226532,54.9929747893772,4.47423110004648,50.5187436893308,169.954002233109,2.0033870597223,1.53593007912043,931.408033849228,41.9041793325249,LTU
200,2015,101.18885944061,44.7066484690925,3.23912320983614,41.4675252592564,139.889633624798,3.30660494337439,2.46308327414623,768.718167601008,38.3971063832659,LTU
201,2016,90.5690270970803,25.9401692212564,2.11339092209973,23.8267782991566,97.8295475230036,1.09078241140631,0.954434609980523,680.477789965756,43.0518183001929,LTU
202,2017,89.173509614557,25.7880149425881,2.9609736783212,22.8270412642669,103.255349549829,0.723028456334246,0.826318235810567,586.685947425502,34.3954965656148,LTU
203,2018,68.9468618920994,19.2967767776678,1.32122075234482,17.9755560253229,96.7620356256745,1.91229319418329,0.625841409005441,446.190155653712,27.3631771604045,LTU
204,2019,57.5974796101061,17.3740112169424,2.66752495452045,14.706486262422,104.630156439809,1.82514865309294,0.666881238630114,382.649434923447,23.3759423646135,LTU
205,2020,43.4001461563746,19.5371572975183,11.0982399893343,8.43891730818394,95.3101248924304,2.94298376713978,1.95016996617696,334.968284917705,20.1399371052457,LTU
206,2021,29.4977734922672,22.3924703882905,12.5598792242014,9.83259116408908,117.632240276949,1.50718550690417,5.95697128919265,277.609216224062,11.9498279475973,LTU
207,2022,29.5266821936289,19.0905272803635,12.2543003685381,6.8362269118254,144.288023330442,1.38179054600726,12.2179374594326,350.102088867314,14.6542523694981,LTU
208,2013,625.89135196399,0.493491667393196,0.493491667393196,11.6430348046191,196.1126704208495,3.279954394234225,1.74686924765406,1902.90121541508,67.5793251458618,LUX
209,2014,785.513321626164,0.359667271806851,0.359667271806851,11.6430348046191,196.1126704208495,3.279954394234225,1.74686924765406,1844.91327073324,65.6392771047504,LUX
210,2015,370.736247766319,0.526863450165303,0.526863450165303,11.6430348046191,222.687618269868,3.279954394234225,1.74686924765406,1614.48523245654,53.0375873166405,LUX
211,2016,324.333034485241,0.857116898745352,0.857116898745352,11.6430348046191,169.537722571831,3.279954394234225,1.74686924765406,1706.34832202225,41.484457899275,LUX
212,2017,339.43642484896,0.167705743502451,0.167705743502451,11.6430348046191,98.610977179441,3.279954394234225,1.74686924765406,1692.15095193973,48.2992541287058,LUX
213,2018,603.21131477695,0.493491667393196,0.493491667393196,11.6430348046191,106.265205712002,3.279954394234225,1.74686924765406,1696.29535805288,48.1976861820688,LUX
214,2019,569.540931621216,0.161297346819942,0.161297346819942,11.6430348046191,120.005226034037,3.279954394234225,1.74686924765406,1600.87616718793,260.011323073747,LUX
215,2020,473.350629243837,0.79314783720482,0.79314783720482,11.6430348046191,233.978611975422,3.279954394234225,1.74686924765406,1468.59253536844,279.66392739842,LUX
216,2021,485.827933072744,0.625663790177391,0.625663790177391,11.6430348046191,359.600263404456,3.279954394234225,1.74686924765406,1705.24666012848,282.800033160181,LUX
217,2022,631.563668257672,0.0,0.0,11.6430348046191,724.059178596632,3.279954394234225,1.74686924765406,2511.43068472928,370.599707535064,LUX
218,2013,328.666933318096,1.47075398536077,0.211180932693494,1.267330779655155,163.671964289468,14.27968897333535,0.0,1935.66081938175,74.2814696303068,MLT
219,2014,363.765872758102,1.47075398536077,0.211180932693494,1.267330779655155,163.671964289468,14.27968897333535,0.0,1836.30087738357,54.2064908912936,MLT
220,2015,228.000223400795,1.31412232507663,0.0,1.31412232507663,102.939582131003,8.32277472548532,0.0,1895.18341314801,50.1556687404247,MLT
221,2016,230.487166055526,1.06904993532248,0.213809987064496,0.855239948257983,106.904993532248,16.4633690039662,0.0,1886.01789589592,54.7353566885109,MLT
222,2017,264.235229834598,0.625655634967476,0.208551878322492,0.417103756644984,164.130328239801,12.0960089427045,0.0,1721.59575555217,69.2392236030674,MLT
223,2018,246.345502109499,1.62738564564491,0.406846411411228,1.22053923423368,209.932748288194,6.71296578828527,0.0,1327.94668684625,64.4851562086797,MLT
224,2019,252.166998090877,0.794226765640559,0.19855669141014,0.595670074230419,163.213600339135,7.14804089076503,0.0,1029.91355834439,389.369671855284,MLT
225,2020,201.025306680017,3.10463794100412,0.194039871312757,2.91059806969136,157.560375505959,20.762266230465,0.582119613938272,662.452120661754,282.910132374,MLT
226,2021,165.733899321877,4.93594660065154,1.13906460015036,3.79688200050119,451.259425759566,34.1719380045107,0.759376400100238,665.213726487808,48.2204014063651,MLT
227,2022,168.01491132338,4.31288276834569,0.937583210509933,3.37529955783576,292.900994963303,24.3771634732582,2.06268306312185,672.05964529352,58.1301590516158,MLT
228,2013,186.293616722573,27.2844370839917,0.953823041980137,27.076164454252,6.754616195926644,5.71069613385872,1.59271555613247,116.571534934785,6.1519483930401,MNE
229,2014,149.930355694397,27.2844370839917,0.953823041980137,27.076164454252,6.754616195926644,5.71069613385872,1.59271555613247,140.628682733336,3.31076495224222,MNE
230,2015,148.115081790599,27.2844370839917,0.953823041980137,27.076164454252,6.754616195926644,5.71069613385872,1.59271555613247,130.448533163819,5.04758532193736,MNE
231,2016,133.751589977948,12.6329718987436,3.15824297468589,9.47472892405768,7.73769528798044,5.71069613385872,1.42120933860865,79.9035472595531,6.0006616519032,MNE
232,2017,142.780794322922,12.0169882265139,0.632473064553363,11.3845151619605,6.754616195926644,5.71069613385872,1.42306439524507,79.5334878675854,4.90166625028857,MNE
233,2018,107.846250204884,38.3242181344816,0.633458150983167,37.6907599834984,0.95018722647475,29.1390749452257,1.74200991520371,69.6803966081483,4.90930067011954,MNE
234,2019,98.9853996535511,27.2844370839917,0.158630448162742,27.1258066358289,7.1383701673234,5.71069613385872,8.09015285629985,65.5143750912125,4.44165254855678,MNE
235,2020,69.7880525715467,24.4814580774902,0.953823041980137,23.52763503551,9.22028940580799,6.35882027986758,2.06661659095696,50.8705622389406,5.24602673089075,MNE
236,2021,73.2649155820937,28.350336899158,1.27417244490598,27.076164454252,6.37086222452989,1.59271555613247,1.59271555613247,53.6745142416643,5.7337760020769,MNE
237,2022,73.6745165109854,53.5814665534439,1.91362380548014,51.6678427479638,6.21927736781045,0.318937300913357,1.43521785411011,54.2193411552706,5.26246546507039,MNE
238,2013,714.225919990287,52.687582496648,1.52914721453007,38.3546425286574,160.274120087136,3.78245500538555,0.231215901583129,2323.69609645901,228.00259341241,NLD
239,2014,609.670320673825,48.6018675975419,1.52914721453007,48.6018675975419,146.295160439543,3.86337661121237,0.530845641235287,2155.06225315309,220.849481608587,NLD
240,2015,566.805867318017,42.6908860621035,1.52914721453007,42.6908860621035,286.777127402749,3.34485292857718,0.352089781955493,1966.53879548208,210.755075315525,NLD
241,2016,493.970482650447,40.3223334046736,1.52914721453007,40.3223334046736,367.88800610587,3.56214675986255,0.408770939656358,1775.61336809444,182.545422480825,NLD
242,2017,434.091593529638,39.1696544666947,1.52914721453007,39.1696544666947,223.5256237449425,4.06806500395939,0.3777488932248,1505.73614600123,161.269719799819,NLD
243,2018,365.034380627192,38.3546425286574,1.52914721453007,38.3546425286574,223.5256237449425,5.21229757440728,0.404950976923984,1353.60649050798,157.207754255847,NLD
244,2019,339.509937706406,38.0400871679527,1.52914721453007,38.0400871679527,223.5256237449425,7.94781533562069,0.403150053256122,1346.86673506395,165.003557511256,NLD
245,2020,285.897698123463,33.7834776195645,1.52914721453007,33.7834776195645,223.5256237449425,11.1560040696185,0.200750715905732,1174.33433070113,158.420993523323,NLD
246,2021,212.465123380043,30.1970734721938,1.52914721453007,30.1970734721938,223.5256237449425,14.1700552906415,0.37710631015417,1051.06956491531,128.416126071439,NLD
247,2022,212.451436214979,30.8300824629268,1.52914721453007,30.8300824629268,223.5256237449425,8.73946012568653,0.347301021281354,1326.88917237256,152.727047473317,NLD
248,2013,718.717772103342,0.3319519305686815,0.4510379113886705,11.6430348046191,171.327694846848,3.279954394234225,3.426205888192955,263.055746888046,24.1174075356671,MKD
249,2014,622.621765827147,0.3319519305686815,1.13998492369938,11.6430348046191,171.327694846848,3.279954394234225,4.46494095115592,236.689369783085,25.7446595268778,MKD
250,2015,670.6697689652444,0.3319519305686815,0.569270224036297,11.6430348046191,171.327694846848,3.279954394234225,6.73636431776284,249.8725583355655,24.931033531272448,MKD
251,2016,670.6697689652444,0.3319519305686815,0.616056517972738,11.6430348046191,171.327694846848,3.279954394234225,3.79111703367839,249.8725583355655,24.931033531272448,MKD
252,2017,670.6697689652444,0.3319519305686815,0.189395822591039,11.6430348046191,171.327694846848,3.279954394234225,0.615536423420877,249.8725583355655,24.931033531272448,MKD
253,2019,670.6697689652444,0.331098262396319,0.331098262396319,11.6430348046191,171.327694846848,3.279954394234225,2.31768783677423,249.8725583355655,24.931033531272448,MKD
254,2020,670.6697689652444,0.2842157917873,0.2842157917873,11.6430348046191,171.327694846848,3.279954394234225,3.07900441102909,249.8725583355655,24.931033531272448,MKD
255,2021,670.6697689652444,0.332805598741044,0.332805598741044,11.6430348046191,171.327694846848,3.279954394234225,2.32963919118731,249.8725583355655,24.931033531272448,MKD
256,2022,670.6697689652444,0.764234403110243,0.764234403110243,11.6430348046191,171.327694846848,3.279954394234225,3.77340736535682,249.8725583355655,24.931033531272448,MKD
257,2013,309.80172099383,0.925075024568615,1.52914721453007,11.6430348046191,285.356121408421,2.61766448608982,0.925075024568615,2872.45636352221,130.573355595493,NOR
258,2014,289.805765908565,0.486577847395174,1.52914721453007,11.6430348046191,277.641319723686,2.61766448608982,0.914766353102926,2569.48137029664,128.184068117785,NOR
259,2015,299.8037434511975,0.944058375946009,1.52914721453007,11.6430348046191,337.587568639306,2.61766448608982,2.00371573670173,2212.33337128833,103.364758917354,NOR
260,2016,299.8037434511975,0.878434248241699,1.52914721453007,11.6430348046191,407.918129928064,2.17698922390334,0.935723438344419,1995.70713002164,85.3227004596503,NOR
261,2017,299.8037434511975,1.55379749054126,1.52914721453007,11.6430348046191,376.606403957409,2.19805498661934,0.549513746654835,1784.5743153864,76.875078282023,NOR
262,2018,299.8037434511975,0.677670019878321,1.52914721453007,11.6430348046191,424.146135774953,1.76947171857117,0.527076682127583,1737.84711764352,76.4637672429372,NOR
263,2019,299.8037434511975,0.878787363187298,1.52914721453007,11.6430348046191,393.24799622458,2.61766448608982,0.598323311106246,1767.7462226634,72.1914470056629,NOR
264,2020,299.8037434511975,0.743516674011992,1.52914721453007,11.6430348046191,353.133244321996,2.91830294549707,0.576225422359294,1608.20797797109,75.4855303290675,NOR
265,2021,299.8037434511975,0.573753091094778,1.52914721453007,11.6430348046191,350.322532523934,3.40550221811094,0.647785748010234,1464.60655992268,58.2266846640056,NOR
266,2022,299.8037434511975,0.754464358827665,1.52914721453007,11.6430348046191,424.119379079513,3.45949510877076,0.533645522097617,1827.49669277788,73.9375071651112,NOR
267,2013,306.055688407335,30.3284195629781,16.2300689197729,11.6430348046191,268.288271407781,0.74856206795633,0.326362700908296,549.488590942767,47.2293451457291,POL
268,2014,277.062754314701,23.3529357167289,14.2968694132605,11.6430348046191,296.356789106636,0.58317542022908,0.26696474792709,436.933168070923,44.2772697945483,POL
269,2015,245.583071223293,19.2669101504712,10.0821862890255,11.6430348046191,327.628256329587,1.18018903048794,0.0389073306754266,376.65408680267,39.7114155093854,POL
270,2016,207.43217482,18.405427182257,16.0022368874502,11.6430348046191,281.964812051703,0.877190409983486,0.00519047579871885,328.017308575836,37.2157114768142,POL
271,2017,175.725560854474,19.2485303174863,13.0096915844086,11.6430348046191,334.878233127652,0.962815794497427,0.00519038164149556,277.485588126815,32.3075305274891,POL
272,2018,179.505152154551,26.0530124808104,23.3350467506979,11.6430348046191,304.843090436584,1.24346283163692,0.150565436816162,256.566100290547,28.4802311605192,POL
273,2019,185.464591894118,16.2130843513445,10.6121534329823,11.6430348046191,363.777345746375,3.35120634725756,0.114304712619638,266.498839638308,28.2670358639609,POL
274,2020,193.872406808231,19.5298436699119,13.1803675134049,11.6430348046191,359.59633673739,1.6888565678578,0.163941392565549,256.370508796275,28.8562873358631,POL
275,2021,191.79942970251,15.9471747291917,12.9399484584389,11.6430348046191,461.812846839303,2.2162631109975,0.845782388649225,283.806979302295,27.5140320258112,POL
276,2022,176.269522362057,13.4806442674125,7.70752637064789,11.6430348046191,437.92147633854,2.6469532295031,2.36093174309234,303.335822180241,22.8892457940823,POL
277,2013,366.858154710171,1.33785208802876,0.554253007897628,0.783599080131129,123.579308588485,0.258014331262689,0.726262562072753,1048.3122279203,141.420521790983,PRT
278,2014,332.539997609617,1.58526232536654,0.787827337454887,0.797434987911654,127.032354339372,0.192153009135338,0.566851376949248,1006.53589245273,131.845787218212,PRT
279,2015,283.49989329923,1.4857069205772,0.704263670143735,0.78144325043346,174.512678482603,0.241186188405389,0.656026432462658,949.636850779842,115.933377042702,PRT
280,2016,253.49488176094,1.47105035802172,0.667779438838807,0.803270919182913,188.546072861705,0.174203331870993,0.706491290365694,864.290475152169,111.596589989135,PRT
281,2017,221.905732993258,1.70748957315671,0.814938205370249,0.892551367786463,222.48783171138,0.242541132550669,0.814938205370249,858.993376686752,99.4806709269825,PRT
282,2018,221.888883543808,1.61324258357884,0.690001345988541,0.923241237590301,232.433270309971,0.301268193318941,0.932959566407041,851.024336153106,95.8615954483235,PRT
283,2019,208.281441950537,1.65210176985775,0.680277199353192,0.971824570504561,301.032378959493,0.349856845381642,1.31196317018116,798.062337298345,91.1182717305076,PRT
284,2020,185.789893993043,1.49540812600891,0.602047427354239,0.893360698654676,359.315499264337,0.45639079170402,0.903071141031358,632.722714822175,84.3254815991001,PRT
285,2021,159.434750070043,2.06023205015538,0.971807570828008,1.08842447932737,390.715233851401,0.495621861122284,1.21475946353501,621.509813847344,72.7397966764764,PRT
286,2022,164.942290644459,1.70384870212976,0.545231584681524,1.15861711744824,434.900079009898,0.477077636596333,1.67463986723611,714.302057324286,78.8249090996717,PRT
287,2013,97.5404536485751,20.399361790225598,3.7199791992808597,17.2348532281502,57.9035688336782,2.73126757903983,0.22857954701101202,286.830628449958,14.4120467966934,ROU
288,2014,255.633222836995,20.399361790225598,3.7199791992808597,17.2348532281502,57.9035688336782,2.73126757903983,0.22857954701101202,822.151171873984,27.1456517246891,ROU
289,2015,148.507398167163,11.0117115480151,9.40918600795264,1.60252554006241,57.9035688336782,4.9783787153663,0.241132369664563,544.753188209491,23.4049106305667,ROU
290,2016,138.055604101866,7.07653670959732,5.92489476114037,1.15164194845695,57.9035688336782,4.8187123632804,0.191940324742825,465.197683381302,6.88964744603194,ROU
291,2017,137.962347350884,27.5904388950971,4.34035423280736,23.2500846622897,51.7847409694361,3.22861437668477,0.258898322658685,488.119790527905,14.8587331455288,ROU
292,2018,155.349299270564,22.3341075381923,3.35598144784894,18.9781260903433,53.5375946171282,2.23392078139489,0.193810478751155,512.103387893873,10.6493757798003,ROU
293,2019,149.271076818418,20.9483497182037,3.31383429527575,17.634515422928,58.0868543164177,3.28822506579139,0.245848603049824,342.144427756901,30.4852267781781,ROU
294,2020,132.398664563938,17.5598865941993,3.49243204377895,14.0674545504204,57.7202833509387,1.23443842489978,0.216026724357461,319.292642093764,30.0945801003691,ROU
295,2021,134.598749208425,20.7827173881551,3.94752635478277,16.8351910333724,61.6703986225565,1.34515970149871,0.212121337544028,333.74964301531,29.2779182722355,ROU
296,2022,129.450404469567,20.0160061922961,2.18217704104067,17.8338291512555,62.4082287098555,1.64299110549216,0.315372905698186,301.603317702621,26.6490105314967,ROU
297,2013,418.86291946424,30.6739709748376,2.7356794449769,27.9382915298607,34.0440108708236,0.370043596421996,2.53744180403654,408.131655168002,29.3259550164432,SRB
298,2014,355.078764998754,19.2869527410007,1.9485787305341,17.3383740104667,31.2567935142816,0.357902215812385,3.89715746106819,354.654584594828,25.132688932603,SRB
299,2015,299.235480675832,26.2916557173513,6.11743127464926,20.174224442702,32.5952696829681,0.0664938182027093,10.8517911306822,325.593630211387,22.4749105525158,SRB
300,2016,262.56831447023,17.9894326762831,1.96175564051455,16.0276770357685,29.9601456663617,0.160143317593025,4.81764480425682,299.481349175422,20.1113316343907,SRB
301,2017,225.643278927458,20.094093943908,1.96922120650298,18.124872737405,27.381552014232,0.495654317283064,2.19695427120061,277.995091682653,20.830877388518,SRB
302,2018,194.422300895717,15.8599524497371,3.96835112185959,11.8916013278775,26.4467061205964,1.842929165067,1.41246395862799,255.48110002155,17.1513480690542,SRB
303,2019,160.93649338689,14.2276993985723,2.95903719685407,11.2686622017182,40.0078042917119,2.3645274404085,2.22941158667088,244.181370874643,12.7279134220846,SRB
304,2020,129.097493138425,10.1386177367371,2.44631527159876,7.69230246513831,29.777093111516,1.54933300534588,1.80755517290352,206.958271977255,9.66294532281508,SRB
305,2021,134.648636951506,16.0481988671973,2.67241569522072,13.3757831719765,36.9889741610294,3.09726126728145,1.80901985522633,237.954634441628,8.38727387423118,SRB
306,2022,131.429436718028,13.6123839736404,2.00793049458582,11.6044534790546,46.2516403580459,2.52029896561807,2.53414676213245,243.361175943802,8.01787418182891,SRB
307,2013,741.66113758369,96.3146148742385,1.9784064177574,80.4873635321793,396.308583147355,4.63236624645636,16.16502804753,1686.08480607998,29.9656191567646,SVN
308,2014,655.592488759791,119.233685010051,3.03626602895441,116.534781873203,322.085172563529,3.7109918131665,8.43407230265114,1450.80502015261,28.6276511301416,SVN
309,2015,492.63238023473,65.8861567946361,4.27707363582977,62.1857672445362,242.832057099414,2.93147743579344,9.61140142883094,1095.60364887244,37.2441805367199,SVN
310,2016,512.291748404321,55.4540147941168,9.52143998622023,47.9421249557421,209.710911857303,2.44016803666951,16.6027119357709,1023.6744145989,38.9948421546205,SVN
311,2017,417.081269848532,46.2735275391824,3.81244305163192,43.0806064834407,190.717463657887,3.0949100458035748,12.3904399178037,978.797097968349,26.401168132551,SVN
312,2018,398.304972069267,10.1143251133469,5.12839019831675,4.98593491503017,185.524263933551,3.0949100458035748,13.9131326676556,931.325157033207,25.7369211804415,SVN
313,2019,394.575801433289,10.3648915094027,8.7557302705,1.6091612389027,188.271864951616,2.79236803221351,27.6397106917406,1243.92896594352,21.8656615403838,SVN
314,2020,391.048341054976,14.7333754871576,14.0722624845288,0.661113002628869,160.792126710807,3.25834265581371,19.9278347935273,1153.59496723005,25.122294099897,SVN
315,2021,223.835878853077,11.7013697208185,8.82321023303655,2.87815948778198,164.574103170222,2.78379360293667,15.2400904025177,855.332380237896,15.6647368843216,SVN
316,2022,264.406248761701,29.388955036314,9.01009696939964,20.3788580669144,172.701387460587,4.38711527829406,15.3313168327481,1016.48989265248,14.2463313338151,SVN
317,2013,359.029144167174,2.127888957270135,0.166636515051654,1.903703499496525,695.112376529162,0.625910062622408,1.01348483532969,350.755080218402,89.047038332498,ESP
318,2014,477.867525288257,2.127888957270135,0.166636515051654,1.903703499496525,695.112376529162,0.625910062622408,1.01348483532969,334.132143018018,78.4813351580649,ESP
319,2015,349.923118741647,2.127888957270135,0.166636515051654,1.903703499496525,695.112376529162,0.625910062622408,1.01348483532969,443.129556755004,67.0603059459277,ESP
320,2016,346.119057786173,2.46162771043985,0.163534708036214,2.29809300240364,393.785121633781,0.563764388230106,1.01348483532969,350.904599768706,68.163848436463,ESP
321,2017,321.2486129945,2.41927676290036,0.154558941374291,2.26471782152607,460.66077811411,0.558129510518273,1.06688602587531,348.672091828619,70.6141163403791,ESP
322,2018,322.418065823713,2.08582472024143,0.170969239364052,1.91058124989328,618.01533222219,0.581295413837776,1.36775391491241,359.469237109395,64.5024197810726,ESP
323,2019,230.890796049816,2.06656407116687,0.169738322067094,1.89682574909977,695.112376529162,0.625910062622408,1.57432293717229,373.10604919373,61.3625251562802,ESP
324,2020,224.023377174896,1.60882337857681,0.0992318881799345,1.50959149039688,761.237372663055,0.654508198633611,0.618615813547251,220.676940094786,42.1123242901484,ESP
325,2021,221.690450225941,2.127888957270135,0.166636515051654,1.903703499496525,764.848268265787,0.722303934755949,0.61701181598686,261.760418944706,42.731753481247,ESP
326,2022,254.504810741024,2.16995319429884,0.292270827526685,1.87768236677215,921.403759122201,0.864196475636456,0.948303188593775,382.027408926912,50.5544424908207,ESP
327,2013,885.621330941082,29.7649522247644,1.26438863907425,28.5005635856901,1400.39332850517,7.35832732575999,3.22315464550895,4257.07218166736,287.327136308972,SWE
328,2014,910.981462033018,21.3900802758941,1.10797538119739,20.2821048946967,1479.39335064989,7.30443029085687,3.24185389313311,4240.97069312785,287.201581450194,SWE
329,2015,914.36500016397,228.26889371064,1.71584944345053,226.55304426719,1918.97961987132,19.9911689594916,3.64491094792153,4057.58796850431,269.215762381859,SWE
330,2016,894.726853369585,211.356676372309,2.52177239004846,208.83490398226,2184.79929856549,19.8024437481495,3.10449270328675,3771.56680531726,253.021178768847,SWE
331,2017,894.60429759231,209.729583553303,2.85339608816298,206.87618746514,2520.98041496532,31.1885140368197,1.65039634367615,3580.29625608584,239.24781695315,SWE
332,2018,766.696666442964,206.951223040301,4.33956965245459,202.611653387846,2963.99495468446,66.7860753542161,1.64332909741478,3289.47251891255,214.547930005595,SWE
333,2019,734.812749843639,200.790383877088,1.56799009575647,199.222393781332,2857.27725629392,65.962713779867,1.7140761295226,3204.6795836587,195.278070869646,SWE
334,2020,782.527097677011,190.867559651537,1.46591223622018,189.401647415317,2690.2768548853,89.7196153523445,1.40804727952728,2999.70006664114,206.114975740117,SWE
335,2021,697.576414931475,203.313296895978,3.82149893136559,199.491797964612,2466.97818889039,100.639174357513,1.41395460460527,2760.90877919637,177.690146561172,SWE
336,2022,657.168638020913,184.750771777628,1.63991193009387,183.110859847534,2357.77626804768,141.790766764995,1.31761709990201,2832.1942580901,160.872516564295,SWE
337,2013,849.738890433631,60.3830167449128,0.173088090587383,60.2099286543254,119.702778076217,4.40138287493631,1.59488312041232,2405.44228519799,77.9143676344063,CHE
338,2014,778.060895789841,44.0533960869299,0.928211284337863,43.1251848025921,121.803304456599,4.71433625992652,1.53887660298119,2099.12539291733,80.6811018991569,CHE
339,2015,634.758526356564,48.371524217398,0.555439369445908,47.8160848479521,149.050947313919,4.43144018666627,1.52142088152575,1906.7388319255,76.3729132988124,CHE
340,2016,555.829057036166,44.7754170658713,0.238865921930495,44.5365511439408,196.156695089323,7.91840531199592,2.06619022469878,1748.00887339127,72.2330547917818,CHE
341,2017,489.263267794938,40.0985034112125,0.295798933396374,39.8027044778161,168.333257017209,9.54838957003495,0.769077226830572,1674.26929085282,78.5168688807335,CHE
342,2018,456.530639617384,0.223150476003455,0.211405714108536,0.0117447618949187,205.768228398975,14.3873333212754,0.986559999173169,1597.41681008978,89.7299808771787,CHE
343,2019,424.682199671649,0.163254092517727,0.151593085909318,0.0116610066084091,222.736887227221,20.6633037101008,0.699660396504543,1546.78588257903,103.619704722323,CHE
344,2020,379.910524988213,0.243094580113729,0.231518647727361,0.011575932386368,240.304780408614,35.5381124261499,0.370429836363777,1404.41526897894,113.675656034134,CHE
345,2021,358.81417128435,0.69033701908103,0.69033701908103,0.0,277.13579631008,41.4202211448618,0.287640424617096,1352.89947876103,146.811672724566,CHE
346,2022,408.810874286881,0.652138694569355,0.652138694569355,0.0,294.74380788589,42.9153025145553,0.469082218900764,1589.959901479,216.899041607822,CHE
347,2017,57.9211571369016,2.61995491572624,1.57645150484724,11.6430348046191,80.8558393991821,0.221688492869143,1.74686924765406,514.375524676762,19.7593864755285,UKR
348,2018,106.430240416475,4.35575405234743,2.34211775232112,11.6430348046191,71.3457214638375,0.263235136428022,1.74686924765406,455.261793642822,14.6241742460012,UKR
349,2019,88.351125435821,3.96280616890398,1.52224232401392,11.6430348046191,71.0952759708847,0.294043836733743,1.74686924765406,388.246434520565,12.1553198354395,UKR
350,2020,61.617411036162,4.14031834948782,1.21613311255583,11.6430348046191,58.5019239612999,0.421319524012787,1.74686924765406,274.62973016853,10.1549392301244,UKR
351,2013,778.271787872455,12.63977544809375,1.52914721453007,11.6430348046191,1172.98234047681,0.0,1.74686924765406,2329.57024879562,132.239406426493,GBR
352,2014,716.675921368928,12.63977544809375,1.52914721453007,11.6430348046191,1172.98234047681,0.0,1.74686924765406,2208.57817011352,131.990553201265,GBR
353,2015,692.751384532749,12.63977544809375,1.52914721453007,11.6430348046191,1069.61662344881,0.0,1.74686924765406,2345.25924519188,141.42768576256,GBR
354,2016,705.853733744536,12.63977544809375,1.52914721453007,11.6430348046191,1117.41761053046,0.0,1.74686924765406,2513.64921015607,166.416537702529,GBR
355,2017,745.004710646145,12.63977544809375,1.52914721453007,11.6430348046191,1086.66678185457,0.0,1.74686924765406,2677.69996541809,190.694990747659,GBR
356,2018,715.324728111223,12.63977544809375,1.52914721453007,11.6430348046191,1172.98234047681,0.0,1.74686924765406,2694.92717252673,203.184227758771,GBR
357,2019,645.883299820457,12.63977544809375,1.52914721453007,11.6430348046191,1303.05868925623,0.0,1.74686924765406,2429.454227673975,200.056056678484,GBR
358,2020,448.128326915911,12.63977544809375,1.52914721453007,11.6430348046191,1387.08611580321,0.0,1.74686924765406,2429.454227673975,156.847677326841,GBR
359,2021,446.801953892531,12.63977544809375,1.52914721453007,11.6430348046191,1619.46600955684,0.0,1.74686924765406,2429.454227673975,189.930639090408,GBR
